Record Length;1024;Points;0;-33,34850311;
Sample Interval;12,3303347;Hz;12,3303347;-30,94850159;
Trigger Point;0;Samples;24,66066933;-37,34850311;
;;;36,99100494;-74,94850159;
;;;49,32133865;-74,94850159;
;;;61,65167236;-74,94850159;
Source;MATH;;73,98200989;-72,54850006;
Vertical Units;dB;;86,31233978;-68,54850006;
Vertical Scale;10,0000001;;98,64267731;-72,54850006;
Vertical Offset;-34;9485;;110,9730148;-74,94850159
Horizontal Units;Hz;;123,3033447;-72,54850006;
Horizontal Scale;1,26E+03;;135,6336823;-74,94850159;
Pt Fmt;Y;;147,9640198;-74,94850159;
Yzero;0;;160,2943573;-74,94850159;
;;;172,6246796;-74,94850159;
;;;184,9550171;-74,94850159;
Note;TDS 2012B - 11:36:30 a. m.   29/07/2026;;197,2853546;-72,54850006;
;;;209,6156921;-74,94850159;
;;;221,9460297;-74,94850159;
;;;234,2763519;-74,94850159;
;;;246,6066895;-74,94850159;
;;;258,9370422;-69,34850311;
;;;271,2673645;-72,54850006;
;;;283,5976868;-74,94850159;
;;;295,9280396;-74,94850159;
;;;308,2583618;-74,94850159;
;;;320,5887146;-74,94850159;
;;;332,9190369;-74,94850159;
;;;345,2493591;-74,94850159;
;;;357,5797119;-74,94850159;
;;;369,9100342;-74,94850159;
;;;382,240387;-74,94850159;
;;;394,5707092;-74,94850159;
;;;406,9010315;-72,54850006;
;;;419,2313843;-74,94850159;
;;;431,5617065;-68,54850006;
;;;443,8920593;-64,14849854;
;;;456,2223816;-64,14849854;
;;;468,5527039;-65,34850311;
;;;480,8830566;-74,94850159;
;;;493,2133789;-74,94850159;
;;;505,5437317;-72,54850006;
;;;517,8740845;-72,54850006;
;;;530,2044067;-72,54850006;
;;;542,534729;-74,94850159;
;;;554,8650513;-74,94850159;
;;;567,1953735;-74,94850159;
;;;579,5257568;-72,54850006;
;;;591,8560791;-69,34850311;
;;;604,1864014;-72,54850006;
;;;616,5167236;-68,54850006;
;;;628,8470459;-72,54850006;
;;;641,1774292;-72,54850006;
;;;653,5077515;-72,54850006;
;;;665,8380737;-68,54850006;
;;;678,168396;-74,94850159;
;;;690,4987183;-74,94850159;
;;;702,8291016;-74,94850159;
;;;715,1594238;-69,34850311;
;;;727,4897461;-69,34850311;
;;;739,8200684;-61,34850311;
;;;752,1503906;-56,14850235;
;;;764,4807739;-42,94850159;
;;;776,8110962;-16,1485004;
;;;789,1414185;-10,548501;
;;;801,4717407;-10,1485014;
;;;813,802063;-11,3485012;
;;;826,1324463;-18,9485016;
;;;838,4627686;-46,94850159;
;;;850,7930908;-56,14850235;
;;;863,1234131;-65,34850311;
;;;875,4537354;-68,54850006;
;;;887,7841187;-72,54850006;
;;;900,1144409;-74,94850159;
;;;912,4447632;-74,94850159;
;;;924,7750854;-74,94850159;
;;;937,1054077;-74,94850159;
;;;949,435791;-74,94850159;
;;;961,7661133;-74,94850159;
;;;974,0964355;-74,94850159;
;;;986,4267578;-74,94850159;
;;;998,7570801;-72,54850006;
;;;1,01E+03;-74,94850159;
;;;1,02E+03;-69,34850311;
;;;1,04E+03;-69,34850311;
;;;1,05E+03;-74,94850159;
;;;1,06E+03;-74,94850159;
;;;1,07E+03;-74,94850159;
;;;1,09E+03;-72,54850006;
;;;1,10E+03;-74,94850159;
;;;1,11E+03;-74,94850159;
;;;1,12E+03;-74,94850159;
;;;1,13E+03;-72,54850006;
;;;1,15E+03;-72,54850006;
;;;1,16E+03;-72,54850006;
;;;1,17E+03;-69,34850311;
;;;1,18E+03;-72,54850006;
;;;1,20E+03;-72,54850006;
;;;1,21E+03;-74,94850159;
;;;1,22E+03;-74,94850159;
;;;1,23E+03;-69,34850311;
;;;1,25E+03;-68,54850006;
;;;1,26E+03;-69,34850311;
;;;1,27E+03;-68,54850006;
;;;1,28E+03;-72,54850006;
;;;1,29E+03;-74,94850159;
;;;1,31E+03;-74,94850159;
;;;1,32E+03;-72,54850006;
;;;1,33E+03;-72,54850006;
;;;1,34E+03;-74,94850159;
;;;1,36E+03;-74,94850159;
;;;1,37E+03;-74,94850159;
;;;1,38E+03;-72,54850006;
;;;1,39E+03;-68,54850006;
;;;1,41E+03;-72,54850006;
;;;1,42E+03;-74,94850159;
;;;1,43E+03;-74,94850159;
;;;1,44E+03;-74,94850159;
;;;1,45E+03;-69,34850311;
;;;1,47E+03;-72,54850006;
;;;1,48E+03;-74,94850159;
;;;1,49E+03;-72,54850006;
;;;1,50E+03;-72,54850006;
;;;1,52E+03;-72,54850006;
;;;1,53E+03;-74,94850159;
;;;1,54E+03;-72,54850006;
;;;1,55E+03;-74,94850159;
;;;1,57E+03;-74,94850159;
;;;1,58E+03;-74,94850159;
;;;1,59E+03;-74,94850159;
;;;1,60E+03;-74,94850159;
;;;1,62E+03;-74,94850159;
;;;1,63E+03;-74,94850159;
;;;1,64E+03;-74,94850159;
;;;1,65E+03;-69,34850311;
;;;1,66E+03;-74,94850159;
;;;1,68E+03;-74,94850159;
;;;1,69E+03;-72,54850006;
;;;1,70E+03;-69,34850311;
;;;1,71E+03;-74,94850159;
;;;1,73E+03;-69,34850311;
;;;1,74E+03;-72,54850006;
;;;1,75E+03;-72,54850006;
;;;1,76E+03;-74,94850159;
;;;1,78E+03;-74,94850159;
;;;1,79E+03;-74,94850159;
;;;1,80E+03;-74,94850159;
;;;1,81E+03;-74,94850159;
;;;1,82E+03;-74,94850159;
;;;1,84E+03;-72,54850006;
;;;1,85E+03;-66,54850006;
;;;1,86E+03;-68,54850006;
;;;1,87E+03;-72,54850006;
;;;1,89E+03;-74,94850159;
;;;1,90E+03;-74,94850159;
;;;1,91E+03;-74,94850159;
;;;1,92E+03;-74,94850159;
;;;1,94E+03;-72,54850006;
;;;1,95E+03;-72,54850006;
;;;1,96E+03;-72,54850006;
;;;1,97E+03;-74,94850159;
;;;1,99E+03;-74,94850159;
;;;2,00E+03;-74,94850159;
;;;2,01E+03;-74,94850159;
;;;2,02E+03;-74,94850159;
;;;2,03E+03;-74,94850159;
;;;2,05E+03;-74,94850159;
;;;2,06E+03;-74,94850159;
;;;2,07E+03;-74,94850159;
;;;2,08E+03;-74,94850159;
;;;2,10E+03;-74,94850159;
;;;2,11E+03;-74,94850159;
;;;2,12E+03;-74,94850159;
;;;2,13E+03;-74,94850159;
;;;2,15E+03;-74,94850159;
;;;2,16E+03;-74,94850159;
;;;2,17E+03;-74,94850159;
;;;2,18E+03;-72,54850006;
;;;2,19E+03;-74,94850159;
;;;2,21E+03;-72,54850006;
;;;2,22E+03;-72,54850006;
;;;2,23E+03;-74,94850159;
;;;2,24E+03;-72,54850006;
;;;2,26E+03;-72,54850006;
;;;2,27E+03;-66,54850006;
;;;2,28E+03;-69,34850311;
;;;2,29E+03;-72,54850006;
;;;2,31E+03;-74,94850159;
;;;2,32E+03;-74,94850159;
;;;2,33E+03;-74,94850159;
;;;2,34E+03;-74,94850159;
;;;2,36E+03;-62,94850159;
;;;2,37E+03;-49,74850082;
;;;2,38E+03;-32,94850159;
;;;2,39E+03;-29,34850121;
;;;2,40E+03;-29,34850121;
;;;2,42E+03;-30,94850159;
;;;2,43E+03;-42,14850235;
;;;2,44E+03;-61,34850311;
;;;2,45E+03;-68,54850006;
;;;2,47E+03;-74,94850159;
;;;2,48E+03;-72,54850006;
;;;2,49E+03;-68,54850006;
;;;2,50E+03;-69,34850311;
;;;2,52E+03;-69,34850311;
;;;2,53E+03;-74,94850159;
;;;2,54E+03;-74,94850159;
;;;2,55E+03;-74,94850159;
;;;2,56E+03;-74,94850159;
;;;2,58E+03;-72,54850006;
;;;2,59E+03;-74,94850159;
;;;2,60E+03;-72,54850006;
;;;2,61E+03;-72,54850006;
;;;2,63E+03;-68,54850006;
;;;2,64E+03;-72,54850006;
;;;2,65E+03;-74,94850159;
;;;2,66E+03;-74,94850159;
;;;2,68E+03;-74,94850159;
;;;2,69E+03;-74,94850159;
;;;2,70E+03;-74,94850159;
;;;2,71E+03;-74,94850159;
;;;2,73E+03;-74,94850159;
;;;2,74E+03;-72,54850006;
;;;2,75E+03;-68,54850006;
;;;2,76E+03;-69,34850311;
;;;2,77E+03;-74,94850159;
;;;2,79E+03;-74,94850159;
;;;2,80E+03;-74,94850159;
;;;2,81E+03;-74,94850159;
;;;2,82E+03;-74,94850159;
;;;2,84E+03;-74,94850159;
;;;2,85E+03;-74,94850159;
;;;2,86E+03;-74,94850159;
;;;2,87E+03;-74,94850159;
;;;2,89E+03;-74,94850159;
;;;2,90E+03;-74,94850159;
;;;2,91E+03;-74,94850159;
;;;2,92E+03;-74,94850159;
;;;2,93E+03;-74,94850159;
;;;2,95E+03;-74,94850159;
;;;2,96E+03;-74,94850159;
;;;2,97E+03;-74,94850159;
;;;2,98E+03;-74,94850159;
;;;3,00E+03;-74,94850159;
;;;3,01E+03;-74,94850159;
;;;3,02E+03;-74,94850159;
;;;3,03E+03;-74,94850159;
;;;3,05E+03;-69,34850311;
;;;3,06E+03;-74,94850159;
;;;3,07E+03;-72,54850006;
;;;3,08E+03;-74,94850159;
;;;3,09E+03;-74,94850159;
;;;3,11E+03;-74,94850159;
;;;3,12E+03;-74,94850159;
;;;3,13E+03;-74,94850159;
;;;3,14E+03;-72,54850006;
;;;3,16E+03;-72,54850006;
;;;3,17E+03;-74,94850159;
;;;3,18E+03;-68,54850006;
;;;3,19E+03;-74,94850159;
;;;3,21E+03;-74,94850159;
;;;3,22E+03;-74,94850159;
;;;3,23E+03;-74,94850159;
;;;3,24E+03;-72,54850006;
;;;3,26E+03;-74,94850159;
;;;3,27E+03;-74,94850159;
;;;3,28E+03;-74,94850159;
;;;3,29E+03;-72,54850006;
;;;3,30E+03;-72,54850006;
;;;3,32E+03;-72,54850006;
;;;3,33E+03;-74,94850159;
;;;3,34E+03;-74,94850159;
;;;3,35E+03;-74,94850159;
;;;3,37E+03;-69,34850311;
;;;3,38E+03;-68,54850006;
;;;3,39E+03;-74,94850159;
;;;3,40E+03;-74,94850159;
;;;3,42E+03;-74,94850159;
;;;3,43E+03;-74,94850159;
;;;3,44E+03;-74,94850159;
;;;3,45E+03;-72,54850006;
;;;3,46E+03;-72,54850006;
;;;3,48E+03;-74,94850159;
;;;3,49E+03;-74,94850159;
;;;3,50E+03;-74,94850159;
;;;3,51E+03;-74,94850159;
;;;3,53E+03;-72,54850006;
;;;3,54E+03;-74,94850159;
;;;3,55E+03;-69,34850311;
;;;3,56E+03;-72,54850006;
;;;3,58E+03;-72,54850006;
;;;3,59E+03;-74,94850159;
;;;3,60E+03;-72,54850006;
;;;3,61E+03;-69,34850311;
;;;3,63E+03;-74,94850159;
;;;3,64E+03;-74,94850159;
;;;3,65E+03;-72,54850006;
;;;3,66E+03;-72,54850006;
;;;3,67E+03;-74,94850159;
;;;3,69E+03;-72,54850006;
;;;3,70E+03;-72,54850006;
;;;3,71E+03;-74,94850159;
;;;3,72E+03;-72,54850006;
;;;3,74E+03;-69,34850311;
;;;3,75E+03;-68,54850006;
;;;3,76E+03;-74,94850159;
;;;3,77E+03;-72,54850006;
;;;3,79E+03;-68,54850006;
;;;3,80E+03;-68,54850006;
;;;3,81E+03;-72,54850006;
;;;3,82E+03;-74,94850159;
;;;3,83E+03;-74,94850159;
;;;3,85E+03;-74,94850159;
;;;3,86E+03;-74,94850159;
;;;3,87E+03;-74,94850159;
;;;3,88E+03;-74,94850159;
;;;3,90E+03;-74,94850159;
;;;3,91E+03;-74,94850159;
;;;3,92E+03;-74,94850159;
;;;3,93E+03;-74,94850159;
;;;3,95E+03;-72,54850006;
;;;3,96E+03;-74,94850159;
;;;3,97E+03;-51,34850311;
;;;3,98E+03;-40,14850235;
;;;4,00E+03;-38,14850235;
;;;4,01E+03;-38,14850235;
;;;4,02E+03;-41,34850311;
;;;4,03E+03;-57,34850311;
;;;4,04E+03;-72,54850006;
;;;4,06E+03;-69,34850311;
;;;4,07E+03;-74,94850159;
;;;4,08E+03;-74,94850159;
;;;4,09E+03;-74,94850159;
;;;4,11E+03;-68,54850006;
;;;4,12E+03;-74,94850159;
;;;4,13E+03;-68,54850006;
;;;4,14E+03;-74,94850159;
;;;4,16E+03;-74,94850159;
;;;4,17E+03;-74,94850159;
;;;4,18E+03;-72,54850006;
;;;4,19E+03;-74,94850159;
;;;4,20E+03;-74,94850159;
;;;4,22E+03;-72,54850006;
;;;4,23E+03;-74,94850159;
;;;4,24E+03;-72,54850006;
;;;4,25E+03;-68,54850006;
;;;4,27E+03;-72,54850006;
;;;4,28E+03;-74,94850159;
;;;4,29E+03;-74,94850159;
;;;4,30E+03;-74,94850159;
;;;4,32E+03;-74,94850159;
;;;4,33E+03;-72,54850006;
;;;4,34E+03;-69,34850311;
;;;4,35E+03;-69,34850311;
;;;4,36E+03;-69,34850311;
;;;4,38E+03;-72,54850006;
;;;4,39E+03;-74,94850159;
;;;4,40E+03;-72,54850006;
;;;4,41E+03;-74,94850159;
;;;4,43E+03;-74,94850159;
;;;4,44E+03;-74,94850159;
;;;4,45E+03;-74,94850159;
;;;4,46E+03;-74,94850159;
;;;4,48E+03;-72,54850006;
;;;4,49E+03;-74,94850159;
;;;4,50E+03;-74,94850159;
;;;4,51E+03;-74,94850159;
;;;4,53E+03;-74,94850159;
;;;4,54E+03;-74,94850159;
;;;4,55E+03;-72,54850006;
;;;4,56E+03;-74,94850159;
;;;4,57E+03;-74,94850159;
;;;4,59E+03;-72,54850006;
;;;4,60E+03;-68,54850006;
;;;4,61E+03;-72,54850006;
;;;4,62E+03;-72,54850006;
;;;4,64E+03;-74,94850159;
;;;4,65E+03;-74,94850159;
;;;4,66E+03;-74,94850159;
;;;4,67E+03;-74,94850159;
;;;4,69E+03;-72,54850006;
;;;4,70E+03;-69,34850311;
;;;4,71E+03;-69,34850311;
;;;4,72E+03;-69,34850311;
;;;4,73E+03;-74,94850159;
;;;4,75E+03;-74,94850159;
;;;4,76E+03;-72,54850006;
;;;4,77E+03;-74,94850159;
;;;4,78E+03;-74,94850159;
;;;4,80E+03;-74,94850159;
;;;4,81E+03;-74,94850159;
;;;4,82E+03;-74,94850159;
;;;4,83E+03;-74,94850159;
;;;4,85E+03;-74,94850159;
;;;4,86E+03;-74,94850159;
;;;4,87E+03;-74,94850159;
;;;4,88E+03;-74,94850159;
;;;4,90E+03;-69,34850311;
;;;4,91E+03;-74,94850159;
;;;4,92E+03;-74,94850159;
;;;4,93E+03;-74,94850159;
;;;4,94E+03;-74,94850159;
;;;4,96E+03;-68,54850006;
;;;4,97E+03;-72,54850006;
;;;4,98E+03;-72,54850006;
;;;4,99E+03;-68,54850006;
;;;5,01E+03;-74,94850159;
;;;5,02E+03;-74,94850159;
;;;5,03E+03;-74,94850159;
;;;5,04E+03;-74,94850159;
;;;5,06E+03;-74,94850159;
;;;5,07E+03;-74,94850159;
;;;5,08E+03;-74,94850159;
;;;5,09E+03;-72,54850006;
;;;5,10E+03;-68,54850006;
;;;5,12E+03;-72,54850006;
;;;5,13E+03;-68,54850006;
;;;5,14E+03;-72,54850006;
;;;5,15E+03;-74,94850159;
;;;5,17E+03;-74,94850159;
;;;5,18E+03;-74,94850159;
;;;5,19E+03;-74,94850159;
;;;5,20E+03;-74,94850159;
;;;5,22E+03;-74,94850159;
;;;5,23E+03;-72,54850006;
;;;5,24E+03;-68,54850006;
;;;5,25E+03;-69,34850311;
;;;5,27E+03;-69,34850311;
;;;5,28E+03;-72,54850006;
;;;5,29E+03;-72,54850006;
;;;5,30E+03;-72,54850006;
;;;5,31E+03;-74,94850159;
;;;5,33E+03;-68,54850006;
;;;5,34E+03;-74,94850159;
;;;5,35E+03;-74,94850159;
;;;5,36E+03;-72,54850006;
;;;5,38E+03;-74,94850159;
;;;5,39E+03;-72,54850006;
;;;5,40E+03;-74,94850159;
;;;5,41E+03;-74,94850159;
;;;5,43E+03;-74,94850159;
;;;5,44E+03;-72,54850006;
;;;5,45E+03;-74,94850159;
;;;5,46E+03;-74,94850159;
;;;5,47E+03;-74,94850159;
;;;5,49E+03;-74,94850159;
;;;5,50E+03;-72,54850006;
;;;5,51E+03;-74,94850159;
;;;5,52E+03;-74,94850159;
;;;5,54E+03;-74,94850159;
;;;5,55E+03;-74,94850159;
;;;5,56E+03;-74,94850159;
;;;5,57E+03;-53,34850311;
;;;5,59E+03;-45,34850311;
;;;5,60E+03;-43,74850082;
;;;5,61E+03;-44,14850235;
;;;5,62E+03;-49,34850311;
;;;5,63E+03;-72,54850006;
;;;5,65E+03;-74,94850159;
;;;5,66E+03;-74,94850159;
;;;5,67E+03;-74,94850159;
;;;5,68E+03;-69,34850311;
;;;5,70E+03;-69,34850311;
;;;5,71E+03;-74,94850159;
;;;5,72E+03;-74,94850159;
;;;5,73E+03;-74,94850159;
;;;5,75E+03;-74,94850159;
;;;5,76E+03;-72,54850006;
;;;5,77E+03;-74,94850159;
;;;5,78E+03;-74,94850159;
;;;5,80E+03;-74,94850159;
;;;5,81E+03;-74,94850159;
;;;5,82E+03;-74,94850159;
;;;5,83E+03;-74,94850159;
;;;5,84E+03;-74,94850159;
;;;5,86E+03;-74,94850159;
;;;5,87E+03;-74,94850159;
;;;5,88E+03;-74,94850159;
;;;5,89E+03;-74,94850159;
;;;5,91E+03;-74,94850159;
;;;5,92E+03;-74,94850159;
;;;5,93E+03;-74,94850159;
;;;5,94E+03;-72,54850006;
;;;5,96E+03;-72,54850006;
;;;5,97E+03;-72,54850006;
;;;5,98E+03;-72,54850006;
;;;5,99E+03;-74,94850159;
;;;6,00E+03;-72,54850006;
;;;6,02E+03;-74,94850159;
;;;6,03E+03;-74,94850159;
;;;6,04E+03;-74,94850159;
;;;6,05E+03;-74,94850159;
;;;6,07E+03;-74,94850159;
;;;6,08E+03;-74,94850159;
;;;6,09E+03;-69,34850311;
;;;6,10E+03;-74,94850159;
;;;6,12E+03;-68,54850006;
;;;6,13E+03;-72,54850006;
;;;6,14E+03;-72,54850006;
;;;6,15E+03;-74,94850159;
;;;6,17E+03;-74,94850159;
;;;6,18E+03;-74,94850159;
;;;6,19E+03;-74,94850159;
;;;6,20E+03;-68,54850006;
;;;6,21E+03;-74,94850159;
;;;6,23E+03;-65,74850464;
;;;6,24E+03;-68,54850006;
;;;6,25E+03;-72,54850006;
;;;6,26E+03;-72,54850006;
;;;6,28E+03;-74,94850159;
;;;6,29E+03;-74,94850159;
;;;6,30E+03;-74,94850159;
;;;6,31E+03;-74,94850159;
;;;6,33E+03;-69,34850311;
;;;6,34E+03;-74,94850159;
;;;6,35E+03;-74,94850159;
;;;6,36E+03;-74,94850159;
;;;6,37E+03;-72,54850006;
;;;6,39E+03;-74,94850159;
;;;6,40E+03;-72,54850006;
;;;6,41E+03;-72,54850006;
;;;6,42E+03;-74,94850159;
;;;6,44E+03;-74,94850159;
;;;6,45E+03;-74,94850159;
;;;6,46E+03;-74,94850159;
;;;6,47E+03;-74,94850159;
;;;6,49E+03;-74,94850159;
;;;6,50E+03;-72,54850006;
;;;6,51E+03;-74,94850159;
;;;6,52E+03;-74,94850159;
;;;6,54E+03;-74,94850159;
;;;6,55E+03;-74,94850159;
;;;6,56E+03;-74,94850159;
;;;6,57E+03;-74,94850159;
;;;6,58E+03;-74,94850159;
;;;6,60E+03;-74,94850159;
;;;6,61E+03;-74,94850159;
;;;6,62E+03;-74,94850159;
;;;6,63E+03;-74,94850159;
;;;6,65E+03;-74,94850159;
;;;6,66E+03;-74,94850159;
;;;6,67E+03;-74,94850159;
;;;6,68E+03;-74,94850159;
;;;6,70E+03;-69,34850311;
;;;6,71E+03;-72,54850006;
;;;6,72E+03;-74,94850159;
;;;6,73E+03;-74,94850159;
;;;6,74E+03;-74,94850159;
;;;6,76E+03;-72,54850006;
;;;6,77E+03;-74,94850159;
;;;6,78E+03;-74,94850159;
;;;6,79E+03;-74,94850159;
;;;6,81E+03;-74,94850159;
;;;6,82E+03;-74,94850159;
;;;6,83E+03;-72,54850006;
;;;6,84E+03;-66,54850006;
;;;6,86E+03;-64,14849854;
;;;6,87E+03;-66,54850006;
;;;6,88E+03;-74,94850159;
;;;6,89E+03;-72,54850006;
;;;6,90E+03;-74,94850159;
;;;6,92E+03;-72,54850006;
;;;6,93E+03;-74,94850159;
;;;6,94E+03;-69,34850311;
;;;6,95E+03;-74,94850159;
;;;6,97E+03;-74,94850159;
;;;6,98E+03;-72,54850006;
;;;6,99E+03;-74,94850159;
;;;7,00E+03;-72,54850006;
;;;7,02E+03;-72,54850006;
;;;7,03E+03;-74,94850159;
;;;7,04E+03;-74,94850159;
;;;7,05E+03;-72,54850006;
;;;7,07E+03;-74,94850159;
;;;7,08E+03;-74,94850159;
;;;7,09E+03;-74,94850159;
;;;7,10E+03;-74,94850159;
;;;7,11E+03;-74,94850159;
;;;7,13E+03;-74,94850159;
;;;7,14E+03;-72,54850006;
;;;7,15E+03;-74,94850159;
;;;7,16E+03;-74,94850159;
;;;7,18E+03;-54,54850006;
;;;7,19E+03;-48,54850006;
;;;7,20E+03;-48,14850235;
;;;7,21E+03;-48,54850006;
;;;7,23E+03;-56,14850235;
;;;7,24E+03;-74,94850159;
;;;7,25E+03;-72,54850006;
;;;7,26E+03;-68,54850006;
;;;7,27E+03;-72,54850006;
;;;7,29E+03;-74,94850159;
;;;7,30E+03;-74,94850159;
;;;7,31E+03;-74,94850159;
;;;7,32E+03;-74,94850159;
;;;7,34E+03;-74,94850159;
;;;7,35E+03;-72,54850006;
;;;7,36E+03;-72,54850006;
;;;7,37E+03;-66,54850006;
;;;7,39E+03;-65,74850464;
;;;7,40E+03;-69,34850311;
;;;7,41E+03;-72,54850006;
;;;7,42E+03;-74,94850159;
;;;7,44E+03;-72,54850006;
;;;7,45E+03;-74,94850159;
;;;7,46E+03;-74,94850159;
;;;7,47E+03;-74,94850159;
;;;7,48E+03;-74,94850159;
;;;7,50E+03;-74,94850159;
;;;7,51E+03;-74,94850159;
;;;7,52E+03;-72,54850006;
;;;7,53E+03;-68,54850006;
;;;7,55E+03;-68,54850006;
;;;7,56E+03;-72,54850006;
;;;7,57E+03;-74,94850159;
;;;7,58E+03;-74,94850159;
;;;7,60E+03;-74,94850159;
;;;7,61E+03;-74,94850159;
;;;7,62E+03;-74,94850159;
;;;7,63E+03;-72,54850006;
;;;7,64E+03;-68,54850006;
;;;7,66E+03;-68,54850006;
;;;7,67E+03;-68,54850006;
;;;7,68E+03;-72,54850006;
;;;7,69E+03;-72,54850006;
;;;7,71E+03;-72,54850006;
;;;7,72E+03;-74,94850159;
;;;7,73E+03;-74,94850159;
;;;7,74E+03;-72,54850006;
;;;7,76E+03;-74,94850159;
;;;7,77E+03;-74,94850159;
;;;7,78E+03;-72,54850006;
;;;7,79E+03;-74,94850159;
;;;7,81E+03;-68,54850006;
;;;7,82E+03;-74,94850159;
;;;7,83E+03;-74,94850159;
;;;7,84E+03;-74,94850159;
;;;7,85E+03;-74,94850159;
;;;7,87E+03;-72,54850006;
;;;7,88E+03;-69,34850311;
;;;7,89E+03;-69,34850311;
;;;7,90E+03;-65,34850311;
;;;7,92E+03;-68,54850006;
;;;7,93E+03;-68,54850006;
;;;7,94E+03;-74,94850159;
;;;7,95E+03;-74,94850159;
;;;7,97E+03;-74,94850159;
;;;7,98E+03;-72,54850006;
;;;7,99E+03;-69,34850311;
;;;8,00E+03;-68,54850006;
;;;8,01E+03;-68,54850006;
;;;8,03E+03;-72,54850006;
;;;8,04E+03;-74,94850159;
;;;8,05E+03;-74,94850159;
;;;8,06E+03;-74,94850159;
;;;8,08E+03;-74,94850159;
;;;8,09E+03;-74,94850159;
;;;8,10E+03;-74,94850159;
;;;8,11E+03;-74,94850159;
;;;8,13E+03;-74,94850159;
;;;8,14E+03;-74,94850159;
;;;8,15E+03;-72,54850006;
;;;8,16E+03;-74,94850159;
;;;8,18E+03;-74,94850159;
;;;8,19E+03;-74,94850159;
;;;8,20E+03;-74,94850159;
;;;8,21E+03;-74,94850159;
;;;8,22E+03;-74,94850159;
;;;8,24E+03;-74,94850159;
;;;8,25E+03;-74,94850159;
;;;8,26E+03;-74,94850159;
;;;8,27E+03;-74,94850159;
;;;8,29E+03;-74,94850159;
;;;8,30E+03;-74,94850159;
;;;8,31E+03;-74,94850159;
;;;8,32E+03;-72,54850006;
;;;8,34E+03;-74,94850159;
;;;8,35E+03;-74,94850159;
;;;8,36E+03;-74,94850159;
;;;8,37E+03;-72,54850006;
;;;8,38E+03;-74,94850159;
;;;8,40E+03;-74,94850159;
;;;8,41E+03;-72,54850006;
;;;8,42E+03;-74,94850159;
;;;8,43E+03;-63,34850311;
;;;8,45E+03;-61,34850311;
;;;8,46E+03;-61,34850311;
;;;8,47E+03;-62,94850159;
;;;8,48E+03;-72,54850006;
;;;8,50E+03;-69,34850311;
;;;8,51E+03;-68,54850006;
;;;8,52E+03;-68,54850006;
;;;8,53E+03;-72,54850006;
;;;8,54E+03;-74,94850159;
;;;8,56E+03;-74,94850159;
;;;8,57E+03;-74,94850159;
;;;8,58E+03;-74,94850159;
;;;8,59E+03;-74,94850159;
;;;8,61E+03;-74,94850159;
;;;8,62E+03;-74,94850159;
;;;8,63E+03;-74,94850159;
;;;8,64E+03;-69,34850311;
;;;8,66E+03;-72,54850006;
;;;8,67E+03;-72,54850006;
;;;8,68E+03;-74,94850159;
;;;8,69E+03;-74,94850159;
;;;8,71E+03;-74,94850159;
;;;8,72E+03;-74,94850159;
;;;8,73E+03;-74,94850159;
;;;8,74E+03;-72,54850006;
;;;8,75E+03;-72,54850006;
;;;8,77E+03;-74,94850159;
;;;8,78E+03;-57,74850082;
;;;8,79E+03;-53,74850082;
;;;8,80E+03;-52,54850006;
;;;8,82E+03;-53,74850082;
;;;8,83E+03;-61,34850311;
;;;8,84E+03;-74,94850159;
;;;8,85E+03;-72,54850006;
;;;8,87E+03;-74,94850159;
;;;8,88E+03;-74,94850159;
;;;8,89E+03;-72,54850006;
;;;8,90E+03;-74,94850159;
;;;8,91E+03;-69,34850311;
;;;8,93E+03;-72,54850006;
;;;8,94E+03;-74,94850159;
;;;8,95E+03;-69,34850311;
;;;8,96E+03;-74,94850159;
;;;8,98E+03;-74,94850159;
;;;8,99E+03;-74,94850159;
;;;9,00E+03;-74,94850159;
;;;9,01E+03;-74,94850159;
;;;9,03E+03;-74,94850159;
;;;9,04E+03;-72,54850006;
;;;9,05E+03;-72,54850006;
;;;9,06E+03;-72,54850006;
;;;9,08E+03;-74,94850159;
;;;9,09E+03;-74,94850159;
;;;9,10E+03;-74,94850159;
;;;9,11E+03;-72,54850006;
;;;9,12E+03;-72,54850006;
;;;9,14E+03;-72,54850006;
;;;9,15E+03;-69,34850311;
;;;9,16E+03;-69,34850311;
;;;9,17E+03;-72,54850006;
;;;9,19E+03;-74,94850159;
;;;9,20E+03;-74,94850159;
;;;9,21E+03;-68,54850006;
;;;9,22E+03;-72,54850006;
;;;9,24E+03;-74,94850159;
;;;9,25E+03;-74,94850159;
;;;9,26E+03;-74,94850159;
;;;9,27E+03;-74,94850159;
;;;9,28E+03;-74,94850159;
;;;9,30E+03;-69,34850311;
;;;9,31E+03;-74,94850159;
;;;9,32E+03;-74,94850159;
;;;9,33E+03;-74,94850159;
;;;9,35E+03;-72,54850006;
;;;9,36E+03;-74,94850159;
;;;9,37E+03;-74,94850159;
;;;9,38E+03;-72,54850006;
;;;9,40E+03;-72,54850006;
;;;9,41E+03;-72,54850006;
;;;9,42E+03;-72,54850006;
;;;9,43E+03;-74,94850159;
;;;9,45E+03;-74,94850159;
;;;9,46E+03;-74,94850159;
;;;9,47E+03;-68,54850006;
;;;9,48E+03;-72,54850006;
;;;9,49E+03;-72,54850006;
;;;9,51E+03;-74,94850159;
;;;9,52E+03;-74,94850159;
;;;9,53E+03;-72,54850006;
;;;9,54E+03;-74,94850159;
;;;9,56E+03;-74,94850159;
;;;9,57E+03;-74,94850159;
;;;9,58E+03;-72,54850006;
;;;9,59E+03;-74,94850159;
;;;9,61E+03;-72,54850006;
;;;9,62E+03;-74,94850159;
;;;9,63E+03;-74,94850159;
;;;9,64E+03;-74,94850159;
;;;9,65E+03;-72,54850006;
;;;9,67E+03;-74,94850159;
;;;9,68E+03;-74,94850159;
;;;9,69E+03;-72,54850006;
;;;9,70E+03;-72,54850006;
;;;9,72E+03;-74,94850159;
;;;9,73E+03;-74,94850159;
;;;9,74E+03;-74,94850159;
;;;9,75E+03;-72,54850006;
;;;9,77E+03;-68,54850006;
;;;9,78E+03;-72,54850006;
;;;9,79E+03;-72,54850006;
;;;9,80E+03;-74,94850159;
;;;9,81E+03;-74,94850159;
;;;9,83E+03;-74,94850159;
;;;9,84E+03;-72,54850006;
;;;9,85E+03;-74,94850159;
;;;9,86E+03;-74,94850159;
;;;9,88E+03;-74,94850159;
;;;9,89E+03;-68,54850006;
;;;9,90E+03;-72,54850006;
;;;9,91E+03;-74,94850159;
;;;9,93E+03;-74,94850159;
;;;9,94E+03;-74,94850159;
;;;9,95E+03;-68,54850006;
;;;9,96E+03;-72,54850006;
;;;9,98E+03;-72,54850006;
;;;9,99E+03;-72,54850006;
;;;1,00E+04;-74,94850159;
;;;1,00E+04;-74,94850159;
;;;1,00E+04;-72,54850006;
;;;1,00E+04;-61,34850311;
;;;1,00E+04;-60,54850006;
;;;1,01E+04;-60,54850006;
;;;1,01E+04;-62,94850159;
;;;1,01E+04;-74,94850159;
;;;1,01E+04;-72,54850006;
;;;1,01E+04;-72,54850006;
;;;1,01E+04;-72,54850006;
;;;1,01E+04;-74,94850159;
;;;1,01E+04;-72,54850006;
;;;1,02E+04;-74,94850159;
;;;1,02E+04;-68,54850006;
;;;1,02E+04;-66,54850006;
;;;1,02E+04;-68,54850006;
;;;1,02E+04;-74,94850159;
;;;1,02E+04;-74,94850159;
;;;1,02E+04;-74,94850159;
;;;1,02E+04;-74,94850159;
;;;1,03E+04;-74,94850159;
;;;1,03E+04;-74,94850159;
;;;1,03E+04;-74,94850159;
;;;1,03E+04;-74,94850159;
;;;1,03E+04;-74,94850159;
;;;1,03E+04;-74,94850159;
;;;1,03E+04;-74,94850159;
;;;1,03E+04;-74,94850159;
;;;1,04E+04;-74,94850159;
;;;1,04E+04;-65,74850464;
;;;1,04E+04;-58,54850006;
;;;1,04E+04;-55,34850311;
;;;1,04E+04;-55,34850311;
;;;1,04E+04;-57,34850311;
;;;1,04E+04;-69,34850311;
;;;1,04E+04;-74,94850159;
;;;1,05E+04;-72,54850006;
;;;1,05E+04;-74,94850159;
;;;1,05E+04;-74,94850159;
;;;1,05E+04;-74,94850159;
;;;1,05E+04;-72,54850006;
;;;1,05E+04;-74,94850159;
;;;1,05E+04;-74,94850159;
;;;1,05E+04;-74,94850159;
;;;1,06E+04;-74,94850159;
;;;1,06E+04;-74,94850159;
;;;1,06E+04;-74,94850159;
;;;1,06E+04;-74,94850159;
;;;1,06E+04;-74,94850159;
;;;1,06E+04;-74,94850159;
;;;1,06E+04;-74,94850159;
;;;1,06E+04;-74,94850159;
;;;1,07E+04;-74,94850159;
;;;1,07E+04;-74,94850159;
;;;1,07E+04;-74,94850159;
;;;1,07E+04;-72,54850006;
;;;1,07E+04;-74,94850159;
;;;1,07E+04;-72,54850006;
;;;1,07E+04;-74,94850159;
;;;1,07E+04;-72,54850006;
;;;1,08E+04;-74,94850159;
;;;1,08E+04;-74,94850159;
;;;1,08E+04;-74,94850159;
;;;1,08E+04;-68,54850006;
;;;1,08E+04;-74,94850159;
;;;1,08E+04;-74,94850159;
;;;1,08E+04;-74,94850159;
;;;1,08E+04;-74,94850159;
;;;1,09E+04;-69,34850311;
;;;1,09E+04;-74,94850159;
;;;1,09E+04;-69,34850311;
;;;1,09E+04;-69,34850311;
;;;1,09E+04;-74,94850159;
;;;1,09E+04;-74,94850159;
;;;1,09E+04;-72,54850006;
;;;1,09E+04;-68,54850006;
;;;1,09E+04;-68,54850006;
;;;1,10E+04;-72,54850006;
;;;1,10E+04;-74,94850159;
;;;1,10E+04;-74,94850159;
;;;1,10E+04;-74,94850159;
;;;1,10E+04;-72,54850006;
;;;1,10E+04;-72,54850006;
;;;1,10E+04;-72,54850006;
;;;1,10E+04;-74,94850159;
;;;1,11E+04;-74,94850159;
;;;1,11E+04;-74,94850159;
;;;1,11E+04;-74,94850159;
;;;1,11E+04;-74,94850159;
;;;1,11E+04;-74,94850159;
;;;1,11E+04;-72,54850006;
;;;1,11E+04;-72,54850006;
;;;1,11E+04;-72,54850006;
;;;1,12E+04;-72,54850006;
;;;1,12E+04;-74,94850159;
;;;1,12E+04;-72,54850006;
;;;1,12E+04;-68,54850006;
;;;1,12E+04;-68,54850006;
;;;1,12E+04;-72,54850006;
;;;1,12E+04;-74,94850159;
;;;1,12E+04;-74,94850159;
;;;1,13E+04;-74,94850159;
;;;1,13E+04;-74,94850159;
;;;1,13E+04;-74,94850159;
;;;1,13E+04;-74,94850159;
;;;1,13E+04;-74,94850159;
;;;1,13E+04;-74,94850159;
;;;1,13E+04;-74,94850159;
;;;1,13E+04;-72,54850006;
;;;1,14E+04;-74,94850159;
;;;1,14E+04;-74,94850159;
;;;1,14E+04;-74,94850159;
;;;1,14E+04;-72,54850006;
;;;1,14E+04;-72,54850006;
;;;1,14E+04;-72,54850006;
;;;1,14E+04;-74,94850159;
;;;1,14E+04;-74,94850159;
;;;1,15E+04;-72,54850006;
;;;1,15E+04;-74,94850159;
;;;1,15E+04;-74,94850159;
;;;1,15E+04;-72,54850006;
;;;1,15E+04;-74,94850159;
;;;1,15E+04;-74,94850159;
;;;1,15E+04;-68,54850006;
;;;1,15E+04;-65,34850311;
;;;1,16E+04;-68,54850006;
;;;1,16E+04;-72,54850006;
;;;1,16E+04;-74,94850159;
;;;1,16E+04;-74,94850159;
;;;1,16E+04;-74,94850159;
;;;1,16E+04;-74,94850159;
;;;1,16E+04;-65,34850311;
;;;1,16E+04;-61,34850311;
;;;1,17E+04;-59,74850082;
;;;1,17E+04;-60,94850159;
;;;1,17E+04;-64,14849854;
;;;1,17E+04;-74,94850159;
;;;1,17E+04;-74,94850159;
;;;1,17E+04;-72,54850006;
;;;1,17E+04;-72,54850006;
;;;1,17E+04;-68,54850006;
;;;1,18E+04;-68,54850006;
;;;1,18E+04;-68,54850006;
;;;1,18E+04;-72,54850006;
;;;1,18E+04;-74,94850159;
;;;1,18E+04;-74,94850159;
;;;1,18E+04;-74,94850159;
;;;1,18E+04;-74,94850159;
;;;1,18E+04;-74,94850159;
;;;1,18E+04;-74,94850159;
;;;1,19E+04;-74,94850159;
;;;1,19E+04;-74,94850159;
;;;1,19E+04;-74,94850159;
;;;1,19E+04;-74,94850159;
;;;1,19E+04;-72,54850006;
;;;1,19E+04;-74,94850159;
;;;1,19E+04;-74,94850159;
;;;1,19E+04;-74,94850159;
;;;1,20E+04;-69,34850311;
;;;1,20E+04;-72,54850006;
;;;1,20E+04;-62,54850388;
;;;1,20E+04;-60,14850235;
;;;1,20E+04;-59,34850311;
;;;1,20E+04;-64,14849854;
;;;1,20E+04;-72,54850006;
;;;1,20E+04;-69,34850311;
;;;1,21E+04;-69,34850311;
;;;1,21E+04;-74,94850159;
;;;1,21E+04;-72,54850006;
;;;1,21E+04;-74,94850159;
;;;1,21E+04;-74,94850159;
;;;1,21E+04;-72,54850006;
;;;1,21E+04;-72,54850006;
;;;1,21E+04;-74,94850159;
;;;1,22E+04;-72,54850006;
;;;1,22E+04;-74,94850159;
;;;1,22E+04;-74,94850159;
;;;1,22E+04;-74,94850159;
;;;1,22E+04;-74,94850159;
;;;1,22E+04;-74,94850159;
;;;1,22E+04;-74,94850159;
;;;1,22E+04;-72,54850006;
;;;1,23E+04;-74,94850159;
;;;1,23E+04;-74,94850159;
;;;1,23E+04;-74,94850159;
;;;1,23E+04;-74,94850159;
;;;1,23E+04;-74,94850159;
;;;1,23E+04;-74,94850159;
;;;1,23E+04;-72,54850006;
;;;1,23E+04;-69,34850311;
;;;1,24E+04;-74,94850159;
;;;1,24E+04;-74,94850159;
;;;1,24E+04;-74,94850159;
;;;1,24E+04;-74,94850159;
;;;1,24E+04;-74,94850159;
;;;1,24E+04;-74,94850159;
;;;1,24E+04;-74,94850159;
;;;1,24E+04;-74,94850159;
;;;1,25E+04;-74,94850159;
;;;1,25E+04;-68,54850006;
;;;1,25E+04;-65,74850464;
;;;1,25E+04;-69,34850311;
;;;1,25E+04;-69,34850311;
;;;1,25E+04;-72,54850006;
;;;1,25E+04;-74,94850159;
;;;1,25E+04;-74,94850159;
;;;1,26E+04;-74,94850159;
;;;1,26E+04;-74,94850159;
;;;1,26E+04;-74,94850159;
;;;1,26E+04;-74,94850159;
;;;1,26E+04;-74,94850159;
;;;1,26E+04;-74,94850159;
