Record Length;1024;Points;0;-40,54850006
Sample Interval;1,2330334;Hz;1,2330334;-38,14850235
Trigger Point;0;Samples;2,4660668;-44,14850235
;;;3,69910026;-72,54850006
;;;4,93213367;-68,54850006
;;;6,16516685;-74,94850159
Source;MATH;;7,398200512;-74,94850159
Vertical Units;dB;;8,631234169;-74,94850159
Vertical Scale;10,0000001;;9,864267349;-74,94850159
Vertical Offset;-34;9485;11,0973005;-74,94850159
Horizontal Units;Hz;;12,3303337;-74,94850159
Horizontal Scale;126,2626221;;13,5633678;-74,94850159
Pt Fmt;Y;;14,796401;-74,94850159
Yzero;0;;16,0294342;-74,94850159
;;;17,2624683;-74,94850159
;;;18,4955006;-74,94850159
Note;TDS 2012B - 01:18:11 p. m.   30/07/2026;;19,7285347;-68,54850006
;;;20,96156883;-72,54850006
;;;22,19460106;-69,34850311
;;;23,42763519;-68,54850006
;;;24,66066742;-74,94850159
;;;25,89370155;-74,94850159
;;;27,12673569;-74,94850159
;;;28,35976791;-74,94850159
;;;29,59280205;-74,94850159
;;;30,82583618;-74,94850159
;;;32,05886841;-74,94850159
;;;33,29190063;-74,94850159
;;;34,52493668;-74,94850159
;;;35,7579689;-74,94850159
;;;36,99100113;-74,94850159
;;;38,22403717;-74,94850159
;;;39,4570694;-74,94850159
;;;40,69010162;-74,94850159
;;;41,92313766;-74,94850159
;;;43,15616989;-74,94850159
;;;44,38920212;-74,94850159
;;;45,62223816;-72,54850006
;;;46,85527039;-72,54850006
;;;48,08830261;-68,54850006
;;;49,32133484;-69,34850311
;;;50,55437088;-74,94850159
;;;51,78740311;-74,94850159
;;;53,02043533;-74,94850159
;;;54,25347137;-74,94850159
;;;55,4865036;-74,94850159
;;;56,71953583;-72,54850006
;;;57,95257187;-74,94850159
;;;59,1856041;-74,94850159
;;;60,41863632;-74,94850159
;;;61,65167236;-74,94850159
;;;62,88470459;-74,94850159
;;;64,11773682;-74,94850159
;;;65,35076904;-74,94850159
;;;66,58380127;-74,94850159
;;;67,81684113;-74,94850159
;;;69,04987335;-74,94850159
;;;70,28290558;-69,34850311
;;;71,51593781;-72,54850006
;;;72,74897003;-72,54850006
;;;73,98200226;-68,54850006
;;;75,21504211;-72,54850006
;;;76,44807434;-74,94850159
;;;77,68110657;-72,54850006
;;;78,91413879;-74,94850159
;;;80,14717102;-69,34850311
;;;81,38020325;-74,94850159
;;;82,61323547;-74,94850159
;;;83,84627533;-74,94850159
;;;85,07930756;-72,54850006
;;;86,31233978;-74,94850159
;;;87,54537201;-74,94850159
;;;88,77840424;-74,94850159
;;;90,01143646;-74,94850159
;;;91,24447632;-74,94850159
;;;92,47750855;-74,94850159
;;;93,71054077;-74,94850159
;;;94,943573;-74,94850159
;;;96,17660523;-74,94850159
;;;97,40963745;-74,94850159
;;;98,64266968;-74,94850159
;;;99,87570953;-74,94850159
;;;101,1087418;-74,94850159
;;;102,341774;-74,94850159
;;;103,5748062;-74,94850159
;;;104,8078384;-74,94850159
;;;106,0408707;-74,94850159
;;;107,2739105;-74,94850159
;;;108,5069427;-74,94850159
;;;109,739975;-74,94850159
;;;110,9730072;-74,94850159
;;;112,2060394;-74,94850159
;;;113,4390717;-74,94850159
;;;114,6721115;-74,94850159
;;;115,9051437;-74,94850159
;;;117,138176;-74,94850159
;;;118,3712082;-74,94850159
;;;119,6042404;-74,94850159
;;;120,8372726;-72,54850006
;;;122,0703049;-74,94850159
;;;123,3033447;-74,94850159
;;;124,536377;-74,94850159
;;;125,7694092;-74,94850159
;;;127,0024414;-74,94850159
;;;128,2354736;-74,94850159
;;;129,4685059;-74,94850159
;;;130,7015381;-74,94850159
;;;131,9345703;-74,94850159
;;;133,1676025;-74,94850159
;;;134,40065;-72,54850006
;;;135,6336823;-74,94850159
;;;136,8667145;-74,94850159
;;;138,0997467;-74,94850159
;;;139,3327789;-72,54850006
;;;140,5658112;-69,34850311
;;;141,7988434;-74,94850159
;;;143,0318756;-74,94850159
;;;144,2649078;-74,94850159
;;;145,4979401;-74,94850159
;;;146,7309723;-72,54850006
;;;147,9640045;-74,94850159
;;;149,1970367;-74,94850159
;;;150,4300842;-72,54850006
;;;151,6631165;-74,94850159
;;;152,8961487;-74,94850159
;;;154,1291809;-72,54850006
;;;155,3622131;-74,94850159
;;;156,5952454;-72,54850006
;;;157,8282776;-74,94850159
;;;159,0613098;-72,54850006
;;;160,294342;-72,54850006
;;;161,5273743;-74,94850159
;;;162,7604065;-74,94850159
;;;163,9934387;-74,94850159
;;;165,226471;-74,94850159
;;;166,4595184;-72,54850006
;;;167,6925507;-74,94850159
;;;168,9255829;-74,94850159
;;;170,1586151;-74,94850159
;;;171,3916473;-74,94850159
;;;172,6246796;-74,94850159
;;;173,8577118;-74,94850159
;;;175,090744;-74,94850159
;;;176,3237763;-74,94850159
;;;177,5568085;-72,54850006
;;;178,7898407;-68,54850006
;;;180,0228729;-68,54850006
;;;181,2559052;-74,94850159
;;;182,4889526;-72,54850006
;;;183,7219849;-74,94850159
;;;184,9550171;-74,94850159
;;;186,1880493;-74,94850159
;;;187,4210815;-74,94850159
;;;188,6541138;-74,94850159
;;;189,887146;-74,94850159
;;;191,1201782;-74,94850159
;;;192,3532105;-74,94850159
;;;193,5862427;-74,94850159
;;;194,8192749;-74,94850159
;;;196,0523071;-74,94850159
;;;197,2853394;-72,54850006
;;;198,5183868;-74,94850159
;;;199,7514191;-72,54850006
;;;200,9844513;-68,54850006
;;;202,2174835;-68,54850006
;;;203,4505158;-68,54850006
;;;204,683548;-74,94850159
;;;205,9165802;-74,94850159
;;;207,1496124;-74,94850159
;;;208,3826447;-72,54850006
;;;209,6156769;-74,94850159
;;;210,8487091;-74,94850159
;;;212,0817413;-74,94850159
;;;213,3147888;-69,34850311
;;;214,547821;-69,34850311
;;;215,7808533;-69,34850311
;;;217,0138855;-69,34850311
;;;218,2469177;-68,54850006
;;;219,47995;-68,54850006
;;;220,7129822;-72,54850006
;;;221,9460144;-74,94850159
;;;223,1790466;-74,94850159
;;;224,4120789;-74,94850159
;;;225,6451111;-74,94850159
;;;226,8781433;-74,94850159
;;;228,1111755;-72,54850006
;;;229,344223;-69,34850311
;;;230,5772553;-68,54850006
;;;231,8102875;-68,54850006
;;;233,0433197;-68,54850006
;;;234,2763519;-69,34850311
;;;235,5093842;-72,54850006
;;;236,7424164;-72,54850006
;;;237,9754486;-74,94850159
;;;239,2084808;-74,94850159
;;;240,4415131;-74,94850159
;;;241,6745453;-74,94850159
;;;242,9075775;-72,54850006
;;;244,1406097;-74,94850159
;;;245,3736572;-72,54850006
;;;246,6066895;-74,94850159
;;;247,8397217;-74,94850159
;;;249,0727539;-74,94850159
;;;250,3057861;-74,94850159
;;;251,5388184;-74,94850159
;;;252,7718506;-74,94850159
;;;254,0048828;-74,94850159
;;;255,237915;-74,94850159
;;;256,4709473;-74,94850159
;;;257,7039795;-74,94850159
;;;258,9370117;-74,94850159
;;;260,170044;-74,94850159
;;;261,4030762;-72,54850006
;;;262,6361084;-74,94850159
;;;263,8691406;-72,54850006
;;;265,1021729;-69,34850311
;;;266,3352051;-74,94850159
;;;267,5682373;-74,94850159
;;;268,8013001;-74,94850159
;;;270,0343323;-74,94850159
;;;271,2673645;-74,94850159
;;;272,5003967;-72,54850006
;;;273,733429;-72,54850006
;;;274,9664612;-69,34850311
;;;276,1994934;-72,54850006
;;;277,4325256;-72,54850006
;;;278,6655579;-72,54850006
;;;279,8985901;-74,94850159
;;;281,1316223;-74,94850159
;;;282,3646545;-74,94850159
;;;283,5976868;-74,94850159
;;;284,830719;-72,54850006
;;;286,0637512;-74,94850159
;;;287,2967835;-74,94850159
;;;288,5298157;-74,94850159
;;;289,7628479;-74,94850159
;;;290,9958801;-74,94850159
;;;292,2289124;-74,94850159
;;;293,4619446;-74,94850159
;;;294,6949768;-74,94850159
;;;295,928009;-74,94850159
;;;297,1610413;-72,54850006
;;;298,3940735;-74,94850159
;;;299,6271057;-72,54850006
;;;300,8601685;-74,94850159
;;;302,0932007;-74,94850159
;;;303,3262329;-74,94850159
;;;304,5592651;-74,94850159
;;;305,7922974;-74,94850159
;;;307,0253296;-74,94850159
;;;308,2583618;-74,94850159
;;;309,491394;-74,94850159
;;;310,7244263;-74,94850159
;;;311,9574585;-74,94850159
;;;313,1904907;-72,54850006
;;;314,423523;-72,54850006
;;;315,6565552;-74,94850159
;;;316,8895874;-72,54850006
;;;318,1226196;-74,94850159
;;;319,3556519;-74,94850159
;;;320,5886841;-74,94850159
;;;321,8217163;-72,54850006
;;;323,0547485;-69,34850311
;;;324,2877808;-69,34850311
;;;325,520813;-74,94850159
;;;326,7538452;-74,94850159
;;;327,9868774;-72,54850006
;;;329,2199097;-72,54850006
;;;330,4529419;-74,94850159
;;;331,6860046;-74,94850159
;;;332,9190369;-74,94850159
;;;334,1520691;-74,94850159
;;;335,3851013;-74,94850159
;;;336,6181335;-74,94850159
;;;337,8511658;-74,94850159
;;;339,084198;-74,94850159
;;;340,3172302;-72,54850006
;;;341,5502625;-72,54850006
;;;342,7832947;-68,54850006
;;;344,0163269;-72,54850006
;;;345,2493591;-74,94850159
;;;346,4823914;-72,54850006
;;;347,7154236;-74,94850159
;;;348,9484558;-74,94850159
;;;350,181488;-74,94850159
;;;351,4145203;-74,94850159
;;;352,6475525;-72,54850006
;;;353,8805847;-69,34850311
;;;355,1136169;-72,54850006
;;;356,3466492;-72,54850006
;;;357,5796814;-69,34850311
;;;358,8127136;-68,54850006
;;;360,0457459;-72,54850006
;;;361,2787781;-72,54850006
;;;362,5118103;-74,94850159
;;;363,7448731;-72,54850006
;;;364,9779053;-74,94850159
;;;366,2109375;-72,54850006
;;;367,4439697;-74,94850159
;;;368,677002;-74,94850159
;;;369,9100342;-74,94850159
;;;371,1430664;-74,94850159
;;;372,3760986;-74,94850159
;;;373,6091309;-74,94850159
;;;374,8421631;-74,94850159
;;;376,0751953;-74,94850159
;;;377,3082275;-74,94850159
;;;378,5412598;-74,94850159
;;;379,774292;-74,94850159
;;;381,0073242;-74,94850159
;;;382,2403565;-74,94850159
;;;383,4733887;-68,54850006
;;;384,7064209;-74,94850159
;;;385,9394531;-74,94850159
;;;387,1724854;-74,94850159
;;;388,4055176;-74,94850159
;;;389,6385498;-72,54850006
;;;390,871582;-72,54850006
;;;392,1046143;-74,94850159
;;;393,3376465;-74,94850159
;;;394,5706787;-74,94850159
;;;395,8037415;-74,94850159
;;;397,0367737;-72,54850006
;;;398,2698059;-74,94850159
;;;399,5028381;-72,54850006
;;;400,7358704;-72,54850006
;;;401,9689026;-68,54850006
;;;403,2019348;-74,94850159
;;;404,434967;-74,94850159
;;;405,6679993;-74,94850159
;;;406,9010315;-74,94850159
;;;408,1340637;-74,94850159
;;;409,3670959;-74,94850159
;;;410,6001282;-74,94850159
;;;411,8331604;-74,94850159
;;;413,0661926;-74,94850159
;;;414,2992249;-72,54850006
;;;415,5322571;-74,94850159
;;;416,7652893;-74,94850159
;;;417,9983215;-74,94850159
;;;419,2313538;-74,94850159
;;;420,464386;-74,94850159
;;;421,6974182;-74,94850159
;;;422,9304504;-74,94850159
;;;424,1634827;-74,94850159
;;;425,3965149;-74,94850159
;;;426,6295776;-72,54850006
;;;427,8626099;-74,94850159
;;;429,0956421;-74,94850159
;;;430,3286743;-74,94850159
;;;431,5617065;-72,54850006
;;;432,7947388;-72,54850006
;;;434,027771;-74,94850159
;;;435,2608032;-74,94850159
;;;436,4938354;-74,94850159
;;;437,7268677;-74,94850159
;;;438,9598999;-69,34850311
;;;440,1929321;-74,94850159
;;;441,4259644;-72,54850006
;;;442,6589966;-72,54850006
;;;443,8920288;-74,94850159
;;;445,125061;-74,94850159
;;;446,3580933;-74,94850159
;;;447,5911255;-74,94850159
;;;448,8241577;-74,94850159
;;;450,0571899;-74,94850159
;;;451,2902222;-74,94850159
;;;452,5232544;-74,94850159
;;;453,7562866;-74,94850159
;;;454,9893188;-74,94850159
;;;456,2223511;-74,94850159
;;;457,4553833;-74,94850159
;;;458,688446;-74,94850159
;;;459,9214783;-74,94850159
;;;461,1545105;-72,54850006
;;;462,3875427;-74,94850159
;;;463,620575;-74,94850159
;;;464,8536072;-74,94850159
;;;466,0866394;-72,54850006
;;;467,3196716;-74,94850159
;;;468,5527039;-72,54850006
;;;469,7857361;-72,54850006
;;;471,0187683;-74,94850159
;;;472,2518005;-74,94850159
;;;473,4848328;-74,94850159
;;;474,717865;-74,94850159
;;;475,9508972;-74,94850159
;;;477,1839294;-74,94850159
;;;478,4169617;-74,94850159
;;;479,6499939;-74,94850159
;;;480,8830261;-74,94850159
;;;482,1160584;-72,54850006
;;;483,3490906;-74,94850159
;;;484,5821228;-69,34850311
;;;485,815155;-74,94850159
;;;487,0481873;-72,54850006
;;;488,2812195;-74,94850159
;;;489,5142822;-74,94850159
;;;490,7473145;-74,94850159
;;;491,9803467;-72,54850006
;;;493,2133789;-74,94850159
;;;494,4464111;-72,54850006
;;;495,6794434;-72,54850006
;;;496,9124756;-74,94850159
;;;498,1455078;-74,94850159
;;;499,37854;-72,54850006
;;;500,6115723;-69,34850311
;;;501,8446045;-65,34850311
;;;503,0776367;-74,94850159
;;;504,3106689;-72,54850006
;;;505,5437012;-74,94850159
;;;506,7767334;-74,94850159
;;;508,0097656;-74,94850159
;;;509,2427979;-74,94850159
;;;510,4758301;-74,94850159
;;;511,7088623;-74,94850159
;;;512,9418945;-74,94850159
;;;514,1749268;-74,94850159
;;;515,407959;-74,94850159
;;;516,6409912;-74,94850159
;;;517,8740234;-74,94850159
;;;519,1070557;-74,94850159
;;;520,3400879;-74,94850159
;;;521,5731201;-74,94850159
;;;522,8061523;-74,94850159
;;;524,0391846;-74,94850159
;;;525,2722168;-74,94850159
;;;526,505249;-74,94850159
;;;527,7382813;-74,94850159
;;;528,9713135;-74,94850159
;;;530,2043457;-74,94850159
;;;531,4373779;-72,54850006
;;;532,6704102;-72,54850006
;;;533,9034424;-72,54850006
;;;535,1364746;-74,94850159
;;;536,3695068;-72,54850006
;;;537,6026001;-74,94850159
;;;538,8356323;-74,94850159
;;;540,0686646;-72,54850006
;;;541,3016968;-72,54850006
;;;542,534729;-68,54850006
;;;543,7677612;-68,54850006
;;;545,0007935;-74,94850159
;;;546,2338257;-74,94850159
;;;547,4668579;-69,34850311
;;;548,6998901;-69,34850311
;;;549,9329224;-74,94850159
;;;551,1659546;-69,34850311
;;;552,3989868;-74,94850159
;;;553,632019;-74,94850159
;;;554,8650513;-74,94850159
;;;556,0980835;-72,54850006
;;;557,3311157;-74,94850159
;;;558,5641479;-74,94850159
;;;559,7971802;-74,94850159
;;;561,0302124;-74,94850159
;;;562,2632446;-74,94850159
;;;563,4962769;-74,94850159
;;;564,7293091;-74,94850159
;;;565,9623413;-74,94850159
;;;567,1953735;-74,94850159
;;;568,4284058;-74,94850159
;;;569,661438;-74,94850159
;;;570,8944702;-74,94850159
;;;572,1275024;-72,54850006
;;;573,3605347;-74,94850159
;;;574,5935669;-74,94850159
;;;575,8265991;-72,54850006
;;;577,0596313;-74,94850159
;;;578,2926636;-74,94850159
;;;579,5256958;-72,54850006
;;;580,758728;-72,54850006
;;;581,9917603;-74,94850159
;;;583,2247925;-72,54850006
;;;584,4578247;-72,54850006
;;;585,6908569;-72,54850006
;;;586,9238892;-74,94850159
;;;588,1569214;-74,94850159
;;;589,3899536;-74,94850159
;;;590,6229858;-74,94850159
;;;591,8560181;-74,94850159
;;;593,0890503;-72,54850006
;;;594,3220825;-74,94850159
;;;595,5551147;-74,94850159
;;;596,788147;-74,94850159
;;;598,0211792;-74,94850159
;;;599,2542114;-74,94850159
;;;600,4873047;-69,34850311
;;;601,7203369;-74,94850159
;;;602,9533691;-72,54850006
;;;604,1864014;-74,94850159
;;;605,4194336;-74,94850159
;;;606,6524658;-74,94850159
;;;607,885498;-74,94850159
;;;609,1185303;-72,54850006
;;;610,3515625;-72,54850006
;;;611,5845947;-72,54850006
;;;612,817627;-72,54850006
;;;614,0506592;-68,54850006
;;;615,2836914;-74,94850159
;;;616,5167236;-72,54850006
;;;617,7497559;-74,94850159
;;;618,9827881;-74,94850159
;;;620,2158203;-74,94850159
;;;621,4488525;-74,94850159
;;;622,6818848;-74,94850159
;;;623,914917;-74,94850159
;;;625,1479492;-72,54850006
;;;626,3809814;-72,54850006
;;;627,6140137;-74,94850159
;;;628,8470459;-74,94850159
;;;630,0800781;-74,94850159
;;;631,3131104;-69,34850311
;;;632,5461426;-69,34850311
;;;633,7791748;-74,94850159
;;;635,012207;-74,94850159
;;;636,2452393;-74,94850159
;;;637,4782715;-74,94850159
;;;638,7113037;-74,94850159
;;;639,9443359;-74,94850159
;;;641,1773682;-74,94850159
;;;642,4104004;-74,94850159
;;;643,6434326;-74,94850159
;;;644,8764648;-74,94850159
;;;646,1094971;-74,94850159
;;;647,3425293;-74,94850159
;;;648,5755615;-72,54850006
;;;649,8085938;-72,54850006
;;;651,041626;-69,34850311
;;;652,2746582;-69,34850311
;;;653,5076904;-68,54850006
;;;654,7407227;-66,54850006
;;;655,9737549;-68,54850006
;;;657,2067871;-74,94850159
;;;658,4398193;-74,94850159
;;;659,6728516;-74,94850159
;;;660,9058838;-74,94850159
;;;662,138916;-74,94850159
;;;663,3720093;-74,94850159
;;;664,6050415;-74,94850159
;;;665,8380737;-74,94850159
;;;667,071106;-74,94850159
;;;668,3041382;-72,54850006
;;;669,5371704;-74,94850159
;;;670,7702026;-74,94850159
;;;672,0032349;-74,94850159
;;;673,2362671;-72,54850006
;;;674,4692993;-72,54850006
;;;675,7023315;-72,54850006
;;;676,9353638;-74,94850159
;;;678,168396;-74,94850159
;;;679,4014282;-74,94850159
;;;680,6344604;-74,94850159
;;;681,8674927;-74,94850159
;;;683,1005249;-72,54850006
;;;684,3335571;-72,54850006
;;;685,5665894;-72,54850006
;;;686,7996216;-74,94850159
;;;688,0326538;-74,94850159
;;;689,265686;-74,94850159
;;;690,4987183;-72,54850006
;;;691,7317505;-74,94850159
;;;692,9647827;-74,94850159
;;;694,1978149;-74,94850159
;;;695,4308472;-74,94850159
;;;696,6638794;-74,94850159
;;;697,8969116;-74,94850159
;;;699,1299438;-74,94850159
;;;700,3629761;-74,94850159
;;;701,5960083;-74,94850159
;;;702,8290405;-74,94850159
;;;704,0620728;-74,94850159
;;;705,295105;-74,94850159
;;;706,5281372;-74,94850159
;;;707,7611694;-74,94850159
;;;708,9942017;-74,94850159
;;;710,2272339;-72,54850006
;;;711,4602661;-74,94850159
;;;712,6932983;-68,54850006
;;;713,9263306;-74,94850159
;;;715,1593628;-74,94850159
;;;716,392395;-72,54850006
;;;717,6254272;-72,54850006
;;;718,8584595;-74,94850159
;;;720,0914917;-74,94850159
;;;721,3245239;-74,94850159
;;;722,5575562;-74,94850159
;;;723,7905884;-74,94850159
;;;725,0236206;-74,94850159
;;;726,2567139;-74,94850159
;;;727,4897461;-68,54850006
;;;728,7227783;-68,54850006
;;;729,9558105;-68,54850006
;;;731,1888428;-72,54850006
;;;732,421875;-72,54850006
;;;733,6549072;-74,94850159
;;;734,8879395;-74,94850159
;;;736,1209717;-68,54850006
;;;737,3540039;-68,54850006
;;;738,5870361;-72,54850006
;;;739,8200684;-74,94850159
;;;741,0531006;-72,54850006
;;;742,2861328;-72,54850006
;;;743,519165;-68,54850006
;;;744,7521973;-69,34850311
;;;745,9852295;-74,94850159
;;;747,2182617;-74,94850159
;;;748,4512939;-74,94850159
;;;749,6843262;-74,94850159
;;;750,9173584;-74,94850159
;;;752,1503906;-74,94850159
;;;753,3834229;-72,54850006
;;;754,6164551;-74,94850159
;;;755,8494873;-74,94850159
;;;757,0825195;-74,94850159
;;;758,3155518;-69,34850311
;;;759,548584;-74,94850159
;;;760,7816162;-74,94850159
;;;762,0146484;-74,94850159
;;;763,2476807;-74,94850159
;;;764,4807129;-74,94850159
;;;765,7137451;-74,94850159
;;;766,9467773;-74,94850159
;;;768,1798096;-74,94850159
;;;769,4128418;-74,94850159
;;;770,645874;-72,54850006
;;;771,8789063;-74,94850159
;;;773,1119385;-74,94850159
;;;774,3449707;-74,94850159
;;;775,5780029;-74,94850159
;;;776,8110352;-74,94850159
;;;778,0440674;-74,94850159
;;;779,2770996;-74,94850159
;;;780,5101318;-74,94850159
;;;781,7431641;-74,94850159
;;;782,9761963;-74,94850159
;;;784,2092285;-74,94850159
;;;785,4422607;-74,94850159
;;;786,675293;-74,94850159
;;;787,9083252;-74,94850159
;;;789,1413574;-72,54850006
;;;790,3744507;-69,34850311
;;;791,6074829;-72,54850006
;;;792,8405151;-62,54850388
;;;794,0735474;-58,94850159
;;;795,3065796;-49,34850311
;;;796,5396118;-36,94850159
;;;797,772644;-13,7485008
;;;799,0056763;-8,948501587
;;;800,2387085;-8,948501587
;;;801,4717407;-9,748500824
;;;802,7047729;-18,548502
;;;803,9378052;-42,94850159
;;;805,1708374;-52,54850006
;;;806,4038696;-60,94850159
;;;807,6369019;-66,54850006
;;;808,8699341;-62,94850159
;;;810,1029663;-74,94850159
;;;811,3359985;-68,54850006
;;;812,5690308;-74,94850159
;;;813,802063;-74,94850159
;;;815,0350952;-72,54850006
;;;816,2681274;-74,94850159
;;;817,5011597;-74,94850159
;;;818,7341919;-74,94850159
;;;819,9672241;-74,94850159
;;;821,2002563;-74,94850159
;;;822,4332886;-74,94850159
;;;823,6663208;-74,94850159
;;;824,899353;-72,54850006
;;;826,1323853;-65,34850311
;;;827,3654175;-65,34850311
;;;828,5984497;-69,34850311
;;;829,8314819;-74,94850159
;;;831,0645142;-74,94850159
;;;832,2975464;-74,94850159
;;;833,5305786;-74,94850159
;;;834,7636108;-68,54850006
;;;835,9966431;-68,54850006
;;;837,2296753;-74,94850159
;;;838,4627075;-74,94850159
;;;839,6957397;-74,94850159
;;;840,928772;-74,94850159
;;;842,1618042;-72,54850006
;;;843,3948364;-74,94850159
;;;844,6278687;-74,94850159
;;;845,8609009;-74,94850159
;;;847,0939331;-72,54850006
;;;848,3269653;-72,54850006
;;;849,5599976;-72,54850006
;;;850,7930298;-74,94850159
;;;852,026062;-72,54850006
;;;853,2591553;-74,94850159
;;;854,4921875;-74,94850159
;;;855,7252197;-74,94850159
;;;856,958252;-74,94850159
;;;858,1912842;-74,94850159
;;;859,4243164;-74,94850159
;;;860,6573486;-72,54850006
;;;861,8903809;-72,54850006
;;;863,1234131;-74,94850159
;;;864,3564453;-72,54850006
;;;865,5894775;-74,94850159
;;;866,8225098;-72,54850006
;;;868,055542;-74,94850159
;;;869,2885742;-74,94850159
;;;870,5216064;-68,54850006
;;;871,7546387;-74,94850159
;;;872,9876709;-72,54850006
;;;874,2207031;-72,54850006
;;;875,4537354;-72,54850006
;;;876,6867676;-74,94850159
;;;877,9197998;-72,54850006
;;;879,152832;-74,94850159
;;;880,3858643;-74,94850159
;;;881,6188965;-74,94850159
;;;882,8519287;-72,54850006
;;;884,0849609;-74,94850159
;;;885,3179932;-72,54850006
;;;886,5510254;-74,94850159
;;;887,7840576;-74,94850159
;;;889,0170898;-74,94850159
;;;890,2501221;-74,94850159
;;;891,4831543;-74,94850159
;;;892,7161865;-74,94850159
;;;893,9492188;-72,54850006
;;;895,182251;-74,94850159
;;;896,4152832;-74,94850159
;;;897,6483154;-72,54850006
;;;898,8813477;-72,54850006
;;;900,1143799;-72,54850006
;;;901,3474121;-74,94850159
;;;902,5804443;-74,94850159
;;;903,8134766;-74,94850159
;;;905,0465088;-74,94850159
;;;906,279541;-74,94850159
;;;907,5125732;-69,34850311
;;;908,7456055;-74,94850159
;;;909,9786377;-72,54850006
;;;911,2116699;-74,94850159
;;;912,4447021;-74,94850159
;;;913,6777344;-74,94850159
;;;914,9107666;-74,94850159
;;;916,1438599;-74,94850159
;;;917,3768921;-74,94850159
;;;918,6099243;-74,94850159
;;;919,8429565;-74,94850159
;;;921,0759888;-74,94850159
;;;922,309021;-72,54850006
;;;923,5420532;-72,54850006
;;;924,7750854;-74,94850159
;;;926,0081177;-72,54850006
;;;927,2411499;-74,94850159
;;;928,4741821;-72,54850006
;;;929,7072144;-72,54850006
;;;930,9402466;-74,94850159
;;;932,1732788;-74,94850159
;;;933,406311;-74,94850159
;;;934,6393433;-74,94850159
;;;935,8723755;-74,94850159
;;;937,1054077;-74,94850159
;;;938,3384399;-74,94850159
;;;939,5714722;-74,94850159
;;;940,8045044;-74,94850159
;;;942,0375366;-72,54850006
;;;943,2705688;-74,94850159
;;;944,5036011;-74,94850159
;;;945,7366333;-74,94850159
;;;946,9696655;-74,94850159
;;;948,2026978;-74,94850159
;;;949,43573;-72,54850006
;;;950,6687622;-74,94850159
;;;951,9017944;-74,94850159
;;;953,1348267;-74,94850159
;;;954,3678589;-74,94850159
;;;955,6008911;-74,94850159
;;;956,8339233;-69,34850311
;;;958,0669556;-68,54850006
;;;959,2999878;-72,54850006
;;;960,53302;-74,94850159
;;;961,7660522;-74,94850159
;;;962,9990845;-74,94850159
;;;964,2321167;-72,54850006
;;;965,4651489;-72,54850006
;;;966,6981812;-74,94850159
;;;967,9312134;-74,94850159
;;;969,1642456;-68,54850006
;;;970,3972778;-69,34850311
;;;971,6303101;-74,94850159
;;;972,8633423;-72,54850006
;;;974,0963745;-72,54850006
;;;975,3294067;-72,54850006
;;;976,562439;-74,94850159
;;;977,7954712;-72,54850006
;;;979,0285645;-74,94850159
;;;980,2615967;-74,94850159
;;;981,4946289;-68,54850006
;;;982,7276611;-72,54850006
;;;983,9606934;-68,54850006
;;;985,1937256;-74,94850159
;;;986,4267578;-74,94850159
;;;987,65979;-74,94850159
;;;988,8928223;-74,94850159
;;;990,1258545;-74,94850159
;;;991,3588867;-74,94850159
;;;992,5919189;-74,94850159
;;;993,8249512;-74,94850159
;;;995,0579834;-74,94850159
;;;996,2910156;-74,94850159
;;;997,5240479;-74,94850159
;;;998,7570801;-74,94850159
;;;999,9901123;-74,94850159
;;;1,00E+03;-74,94850159
;;;1,00E+03;-74,94850159
;;;1,00E+03;-72,54850006
;;;1,00E+03;-74,94850159
;;;1,01E+03;-72,54850006
;;;1,01E+03;-72,54850006
;;;1,01E+03;-68,54850006
;;;1,01E+03;-72,54850006
;;;1,01E+03;-69,34850311
;;;1,01E+03;-74,94850159
;;;1,01E+03;-74,94850159
;;;1,01E+03;-74,94850159
;;;1,02E+03;-74,94850159
;;;1,02E+03;-74,94850159
;;;1,02E+03;-74,94850159
;;;1,02E+03;-74,94850159
;;;1,02E+03;-74,94850159
;;;1,02E+03;-72,54850006
;;;1,02E+03;-74,94850159
;;;1,02E+03;-74,94850159
;;;1,03E+03;-74,94850159
;;;1,03E+03;-74,94850159
;;;1,03E+03;-74,94850159
;;;1,03E+03;-74,94850159
;;;1,03E+03;-74,94850159
;;;1,03E+03;-74,94850159
;;;1,03E+03;-74,94850159
;;;1,03E+03;-74,94850159
;;;1,04E+03;-74,94850159
;;;1,04E+03;-74,94850159
;;;1,04E+03;-74,94850159
;;;1,04E+03;-74,94850159
;;;1,04E+03;-74,94850159
;;;1,04E+03;-74,94850159
;;;1,04E+03;-74,94850159
;;;1,04E+03;-74,94850159
;;;1,05E+03;-74,94850159
;;;1,05E+03;-74,94850159
;;;1,05E+03;-68,54850006
;;;1,05E+03;-68,54850006
;;;1,05E+03;-69,34850311
;;;1,05E+03;-69,34850311
;;;1,05E+03;-72,54850006
;;;1,05E+03;-68,54850006
;;;1,06E+03;-74,94850159
;;;1,06E+03;-72,54850006
;;;1,06E+03;-74,94850159
;;;1,06E+03;-74,94850159
;;;1,06E+03;-72,54850006
;;;1,06E+03;-72,54850006
;;;1,06E+03;-68,54850006
;;;1,06E+03;-72,54850006
;;;1,07E+03;-74,94850159
;;;1,07E+03;-74,94850159
;;;1,07E+03;-74,94850159
;;;1,07E+03;-74,94850159
;;;1,07E+03;-72,54850006
;;;1,07E+03;-74,94850159
;;;1,07E+03;-74,94850159
;;;1,07E+03;-74,94850159
;;;1,08E+03;-74,94850159
;;;1,08E+03;-74,94850159
;;;1,08E+03;-69,34850311
;;;1,08E+03;-69,34850311
;;;1,08E+03;-68,54850006
;;;1,08E+03;-74,94850159
;;;1,08E+03;-74,94850159
;;;1,08E+03;-72,54850006
;;;1,09E+03;-72,54850006
;;;1,09E+03;-72,54850006
;;;1,09E+03;-72,54850006
;;;1,09E+03;-74,94850159
;;;1,09E+03;-74,94850159
;;;1,09E+03;-74,94850159
;;;1,09E+03;-74,94850159
;;;1,09E+03;-68,54850006
;;;1,09E+03;-69,34850311
;;;1,10E+03;-72,54850006
;;;1,10E+03;-72,54850006
;;;1,10E+03;-74,94850159
;;;1,10E+03;-72,54850006
;;;1,10E+03;-74,94850159
;;;1,10E+03;-74,94850159
;;;1,10E+03;-74,94850159
;;;1,10E+03;-72,54850006
;;;1,11E+03;-74,94850159
;;;1,11E+03;-72,54850006
;;;1,11E+03;-74,94850159
;;;1,11E+03;-74,94850159
;;;1,11E+03;-74,94850159
;;;1,11E+03;-74,94850159
;;;1,11E+03;-72,54850006
;;;1,11E+03;-74,94850159
;;;1,12E+03;-72,54850006
;;;1,12E+03;-74,94850159
;;;1,12E+03;-74,94850159
;;;1,12E+03;-74,94850159
;;;1,12E+03;-74,94850159
;;;1,12E+03;-74,94850159
;;;1,12E+03;-69,34850311
;;;1,12E+03;-74,94850159
;;;1,13E+03;-74,94850159
;;;1,13E+03;-74,94850159
;;;1,13E+03;-74,94850159
;;;1,13E+03;-72,54850006
;;;1,13E+03;-72,54850006
;;;1,13E+03;-72,54850006
;;;1,13E+03;-74,94850159
;;;1,13E+03;-74,94850159
;;;1,14E+03;-74,94850159
;;;1,14E+03;-72,54850006
;;;1,14E+03;-72,54850006
;;;1,14E+03;-74,94850159
;;;1,14E+03;-74,94850159
;;;1,14E+03;-74,94850159
;;;1,14E+03;-69,34850311
;;;1,14E+03;-69,34850311
;;;1,15E+03;-72,54850006
;;;1,15E+03;-74,94850159
;;;1,15E+03;-74,94850159
;;;1,15E+03;-74,94850159
;;;1,15E+03;-72,54850006
;;;1,15E+03;-74,94850159
;;;1,15E+03;-74,94850159
;;;1,15E+03;-74,94850159
;;;1,16E+03;-74,94850159
;;;1,16E+03;-74,94850159
;;;1,16E+03;-74,94850159
;;;1,16E+03;-74,94850159
;;;1,16E+03;-74,94850159
;;;1,16E+03;-74,94850159
;;;1,16E+03;-72,54850006
;;;1,16E+03;-72,54850006
;;;1,17E+03;-72,54850006
;;;1,17E+03;-68,54850006
;;;1,17E+03;-74,94850159
;;;1,17E+03;-72,54850006
;;;1,17E+03;-72,54850006
;;;1,17E+03;-74,94850159
;;;1,17E+03;-74,94850159
;;;1,17E+03;-74,94850159
;;;1,18E+03;-74,94850159
;;;1,18E+03;-74,94850159
;;;1,18E+03;-74,94850159
;;;1,18E+03;-74,94850159
;;;1,18E+03;-74,94850159
;;;1,18E+03;-74,94850159
;;;1,18E+03;-74,94850159
;;;1,18E+03;-72,54850006
;;;1,18E+03;-74,94850159
;;;1,19E+03;-72,54850006
;;;1,19E+03;-74,94850159
;;;1,19E+03;-74,94850159
;;;1,19E+03;-74,94850159
;;;1,19E+03;-74,94850159
;;;1,19E+03;-72,54850006
;;;1,19E+03;-74,94850159
;;;1,19E+03;-72,54850006
;;;1,20E+03;-74,94850159
;;;1,20E+03;-74,94850159
;;;1,20E+03;-74,94850159
;;;1,20E+03;-74,94850159
;;;1,20E+03;-72,54850006
;;;1,20E+03;-69,34850311
;;;1,20E+03;-74,94850159
;;;1,20E+03;-74,94850159
;;;1,21E+03;-74,94850159
;;;1,21E+03;-74,94850159
;;;1,21E+03;-74,94850159
;;;1,21E+03;-72,54850006
;;;1,21E+03;-72,54850006
;;;1,21E+03;-74,94850159
;;;1,21E+03;-74,94850159
;;;1,21E+03;-74,94850159
;;;1,22E+03;-74,94850159
;;;1,22E+03;-74,94850159
;;;1,22E+03;-74,94850159
;;;1,22E+03;-74,94850159
;;;1,22E+03;-74,94850159
;;;1,22E+03;-74,94850159
;;;1,22E+03;-74,94850159
;;;1,22E+03;-74,94850159
;;;1,23E+03;-74,94850159
;;;1,23E+03;-72,54850006
;;;1,23E+03;-74,94850159
;;;1,23E+03;-74,94850159
;;;1,23E+03;-74,94850159
;;;1,23E+03;-72,54850006
;;;1,23E+03;-72,54850006
;;;1,23E+03;-72,54850006
;;;1,24E+03;-74,94850159
;;;1,24E+03;-74,94850159
;;;1,24E+03;-74,94850159
;;;1,24E+03;-74,94850159
;;;1,24E+03;-72,54850006
;;;1,24E+03;-74,94850159
;;;1,24E+03;-74,94850159
;;;1,24E+03;-74,94850159
;;;1,25E+03;-74,94850159
;;;1,25E+03;-74,94850159
;;;1,25E+03;-74,94850159
;;;1,25E+03;-74,94850159
;;;1,25E+03;-74,94850159
;;;1,25E+03;-74,94850159
;;;1,25E+03;-74,94850159
;;;1,25E+03;-74,94850159
;;;1,26E+03;-72,54850006
;;;1,26E+03;-72,54850006
;;;1,26E+03;-69,34850311
;;;1,26E+03;-74,94850159
;;;1,26E+03;-74,94850159
;;;1,26E+03;-74,94850159
