Record Length;1024;Points;0;-30,5897007
Sample Interval;12,3303347;Hz;12,3303347;-28,18970108
Trigger Point;0;Samples;24,66066933;-33,78969955
;;;36,99100494;-50,58969879
;;;49,32133865;-50,58969879
;;;61,65167236;-57,78969955
Source;MATH;;73,98200989;-57,78969955
Vertical Units;dB;;86,31233978;-43,38970184
Vertical Scale;10,0000001;;98,64267731;-41,78969955
Vertical Offset;-26;9897;110,9730148;-42,18970108
Horizontal Units;Hz;;123,3033447;-44,98970032
Horizontal Scale;1,26E+03;;135,6336823;-61,38970184
Pt Fmt;Y;;147,9640198;-61,38970184
Yzero;0;;160,2943573;-52,98970032
;;;172,6246796;-52,18970108
;;;184,9550171;-52,98970032
Note;TDS 2012B - 02:15:31 p. m.   30/07/2026;;197,2853546;-57,38970184
;;;209,6156921;-60,58970261
;;;221,9460297;-49,78969955
;;;234,2763519;-46,18970108
;;;246,6066895;-46,98970032
;;;258,9370422;-48,98970032
;;;271,2673645;-57,78969955
;;;283,5976868;-58,58970261
;;;295,9280396;-51,38970184
;;;308,2583618;-50,18970108
;;;320,5887146;-50,18970108
;;;332,9190369;-53,38970184
;;;345,2493591;-66,98970032
;;;357,5797119;-60,58970261
;;;369,9100342;-52,58969879
;;;382,240387;-53,38970184
;;;394,5707092;-52,98970032
;;;406,9010315;-55,38970184
;;;419,2313843;-56,18970108
;;;431,5617065;-39,78969955
;;;443,8920593;-36,58969879
;;;456,2223816;-36,18970108
;;;468,5527039;-37,78969955
;;;480,8830566;-49,78969955
;;;493,2133789;-66,98970032
;;;505,5437317;-56,18970108
;;;517,8740845;-56,18970108
;;;530,2044067;-54,98970032
;;;542,534729;-57,38970184
;;;554,8650513;-60,58970261
;;;567,1953735;-53,38970184
;;;579,5257568;-50,58969879
;;;591,8560791;-50,18970108
;;;604,1864014;-49,38970184
;;;616,5167236;-54,58970261
;;;628,8470459;-64,58969879
;;;641,1774292;-57,38970184
;;;653,5077515;-51,38970184
;;;665,8380737;-50,18970108
;;;678,168396;-53,38970184
;;;690,4987183;-60,58970261
;;;702,8291016;-64,58969879
;;;715,1594238;-52,98970032
;;;727,4897461;-54,58970261
;;;739,8200684;-50,18970108
;;;752,1503906;-57,38970184
;;;764,4807739;-38,98970032
;;;776,8110962;-12,1897001
;;;789,1414185;-6,58970022
;;;801,4717407;-6,18970013
;;;813,802063;-6,98969984
;;;826,1324463;-14,9897003
;;;838,4627686;-42,18970108
;;;850,7930908;-66,98970032
;;;863,1234131;-48,18970108
;;;875,4537354;-51,78969955
;;;887,7841187;-53,38970184
;;;900,1144409;-64,58969879
;;;912,4447632;-57,78969955
;;;924,7750854;-51,78969955
;;;937,1054077;-50,58969879
;;;949,435791;-51,78969955
;;;961,7661133;-55,38970184
;;;974,0964355;-66,98970032
;;;986,4267578;-53,38970184
;;;998,7570801;-48,98970032
;;;1,01E+03;-49,38970184
;;;1,02E+03;-48,98970032
;;;1,04E+03;-55,38970184
;;;1,05E+03;-60,58970261
;;;1,06E+03;-53,38970184
;;;1,07E+03;-51,38970184
;;;1,09E+03;-50,18970108
;;;1,10E+03;-53,38970184
;;;1,11E+03;-60,58970261
;;;1,12E+03;-44,18970108
;;;1,13E+03;-37,38970184
;;;1,15E+03;-36,58969879
;;;1,16E+03;-36,98970032
;;;1,17E+03;-42,58969879
;;;1,18E+03;-66,98970032
;;;1,20E+03;-54,58970261
;;;1,21E+03;-53,38970184
;;;1,22E+03;-53,38970184
;;;1,23E+03;-60,58970261
;;;1,25E+03;-64,58969879
;;;1,26E+03;-66,98970032
;;;1,27E+03;-54,98970032
;;;1,28E+03;-52,18970108
;;;1,29E+03;-50,98970032
;;;1,31E+03;-54,98970032
;;;1,32E+03;-61,38970184
;;;1,33E+03;-51,38970184
;;;1,34E+03;-44,58969879
;;;1,36E+03;-44,98970032
;;;1,37E+03;-45,38970184
;;;1,38E+03;-51,38970184
;;;1,39E+03;-66,98970032
;;;1,41E+03;-60,58970261
;;;1,42E+03;-54,58970261
;;;1,43E+03;-53,38970184
;;;1,44E+03;-53,38970184
;;;1,45E+03;-61,38970184
;;;1,47E+03;-52,18970108
;;;1,48E+03;-43,78969955
;;;1,49E+03;-42,58969879
;;;1,50E+03;-42,98970032
;;;1,52E+03;-47,38970184
;;;1,53E+03;-66,98970032
;;;1,54E+03;-55,38970184
;;;1,55E+03;-53,38970184
;;;1,57E+03;-52,98970032
;;;1,58E+03;-53,38970184
;;;1,59E+03;-64,58969879
;;;1,60E+03;-64,58969879
;;;1,62E+03;-61,38970184
;;;1,63E+03;-57,38970184
;;;1,64E+03;-55,38970184
;;;1,65E+03;-55,38970184
;;;1,66E+03;-60,58970261
;;;1,68E+03;-53,38970184
;;;1,69E+03;-43,78969955
;;;1,70E+03;-42,18970108
;;;1,71E+03;-42,18970108
;;;1,73E+03;-46,58969879
;;;1,74E+03;-66,98970032
;;;1,75E+03;-61,38970184
;;;1,76E+03;-55,38970184
;;;1,78E+03;-55,38970184
;;;1,79E+03;-55,38970184
;;;1,80E+03;-66,98970032
;;;1,81E+03;-66,98970032
;;;1,82E+03;-50,58969879
;;;1,84E+03;-47,38970184
;;;1,85E+03;-46,58969879
;;;1,86E+03;-48,18970108
;;;1,87E+03;-57,38970184
;;;1,89E+03;-66,98970032
;;;1,90E+03;-51,78969955
;;;1,91E+03;-50,58969879
;;;1,92E+03;-51,78969955
;;;1,94E+03;-54,58970261
;;;1,95E+03;-66,98970032
;;;1,96E+03;-60,58970261
;;;1,97E+03;-54,98970032
;;;1,99E+03;-54,98970032
;;;2,00E+03;-57,78969955
;;;2,01E+03;-60,58970261
;;;2,02E+03;-50,18970108
;;;2,03E+03;-37,78969955
;;;2,05E+03;-35,78969955
;;;2,06E+03;-35,78969955
;;;2,07E+03;-38,58969879
;;;2,08E+03;-54,98970032
;;;2,10E+03;-60,58970261
;;;2,11E+03;-52,18970108
;;;2,12E+03;-50,18970108
;;;2,13E+03;-49,78969955
;;;2,15E+03;-56,18970108
;;;2,16E+03;-60,58970261
;;;2,17E+03;-51,38970184
;;;2,18E+03;-46,98970032
;;;2,19E+03;-47,38970184
;;;2,21E+03;-49,78969955
;;;2,22E+03;-60,58970261
;;;2,23E+03;-64,58969879
;;;2,24E+03;-51,38970184
;;;2,26E+03;-48,58969879
;;;2,27E+03;-48,18970108
;;;2,28E+03;-50,58969879
;;;2,29E+03;-60,58970261
;;;2,31E+03;-57,38970184
;;;2,32E+03;-52,98970032
;;;2,33E+03;-57,78969955
;;;2,34E+03;-52,18970108
;;;2,36E+03;-51,38970184
;;;2,37E+03;-36,98970032
;;;2,38E+03;-19,3896999
;;;2,39E+03;-16,1897011
;;;2,40E+03;-15,7897005
;;;2,42E+03;-17,7896996
;;;2,43E+03;-28,98970032
;;;2,44E+03;-45,38970184
;;;2,45E+03;-66,98970032
;;;2,47E+03;-52,98970032
;;;2,48E+03;-57,78969955
;;;2,49E+03;-61,38970184
;;;2,50E+03;-60,58970261
;;;2,52E+03;-57,38970184
;;;2,53E+03;-52,98970032
;;;2,54E+03;-49,78969955
;;;2,55E+03;-49,78969955
;;;2,56E+03;-57,78969955
;;;2,58E+03;-66,98970032
;;;2,59E+03;-52,98970032
;;;2,60E+03;-50,18970108
;;;2,61E+03;-49,38970184
;;;2,63E+03;-50,18970108
;;;2,64E+03;-58,58970261
;;;2,65E+03;-60,58970261
;;;2,66E+03;-53,38970184
;;;2,68E+03;-53,38970184
;;;2,69E+03;-53,38970184
;;;2,70E+03;-61,38970184
;;;2,71E+03;-66,98970032
;;;2,73E+03;-42,58969879
;;;2,74E+03;-37,38970184
;;;2,75E+03;-37,38970184
;;;2,76E+03;-38,58969879
;;;2,77E+03;-47,38970184
;;;2,79E+03;-60,58970261
;;;2,80E+03;-54,58970261
;;;2,81E+03;-52,98970032
;;;2,82E+03;-54,58970261
;;;2,84E+03;-56,18970108
;;;2,85E+03;-66,98970032
;;;2,86E+03;-64,58969879
;;;2,87E+03;-52,98970032
;;;2,89E+03;-52,98970032
;;;2,90E+03;-52,98970032
;;;2,91E+03;-60,58970261
;;;2,92E+03;-66,98970032
;;;2,93E+03;-51,38970184
;;;2,95E+03;-46,58969879
;;;2,96E+03;-45,78969955
;;;2,97E+03;-46,58969879
;;;2,98E+03;-53,38970184
;;;3,00E+03;-64,58969879
;;;3,01E+03;-53,38970184
;;;3,02E+03;-52,18970108
;;;3,03E+03;-52,98970032
;;;3,05E+03;-54,58970261
;;;3,06E+03;-60,58970261
;;;3,07E+03;-49,78969955
;;;3,08E+03;-42,58969879
;;;3,09E+03;-42,58969879
;;;3,11E+03;-43,38970184
;;;3,12E+03;-48,98970032
;;;3,13E+03;-61,38970184
;;;3,14E+03;-52,58969879
;;;3,16E+03;-50,18970108
;;;3,17E+03;-51,38970184
;;;3,18E+03;-53,38970184
;;;3,19E+03;-66,98970032
;;;3,21E+03;-66,98970032
;;;3,22E+03;-53,38970184
;;;3,23E+03;-51,38970184
;;;3,24E+03;-50,18970108
;;;3,26E+03;-54,58970261
;;;3,27E+03;-66,98970032
;;;3,28E+03;-48,18970108
;;;3,29E+03;-42,18970108
;;;3,30E+03;-41,78969955
;;;3,32E+03;-42,58969879
;;;3,33E+03;-50,18970108
;;;3,34E+03;-66,98970032
;;;3,35E+03;-54,98970032
;;;3,37E+03;-52,18970108
;;;3,38E+03;-52,98970032
;;;3,39E+03;-54,98970032
;;;3,40E+03;-66,98970032
;;;3,42E+03;-58,58970261
;;;3,43E+03;-47,38970184
;;;3,44E+03;-46,58969879
;;;3,45E+03;-45,78969955
;;;3,46E+03;-48,58969879
;;;3,48E+03;-57,38970184
;;;3,49E+03;-56,18970108
;;;3,50E+03;-51,78969955
;;;3,51E+03;-51,78969955
;;;3,53E+03;-53,38970184
;;;3,54E+03;-66,98970032
;;;3,55E+03;-66,98970032
;;;3,56E+03;-55,38970184
;;;3,58E+03;-50,58969879
;;;3,59E+03;-50,58969879
;;;3,60E+03;-53,38970184
;;;3,61E+03;-61,38970184
;;;3,63E+03;-44,98970032
;;;3,64E+03;-36,18970108
;;;3,65E+03;-35,38970184
;;;3,66E+03;-35,78969955
;;;3,67E+03;-40,58969879
;;;3,69E+03;-64,58969879
;;;3,70E+03;-60,58970261
;;;3,71E+03;-54,98970032
;;;3,72E+03;-54,98970032
;;;3,74E+03;-53,38970184
;;;3,75E+03;-61,38970184
;;;3,76E+03;-61,38970184
;;;3,77E+03;-48,98970032
;;;3,79E+03;-48,18970108
;;;3,80E+03;-48,18970108
;;;3,81E+03;-50,58969879
;;;3,82E+03;-60,58970261
;;;3,83E+03;-52,18970108
;;;3,85E+03;-47,78969955
;;;3,86E+03;-47,78969955
;;;3,87E+03;-48,58969879
;;;3,88E+03;-54,58970261
;;;3,90E+03;-64,58969879
;;;3,91E+03;-56,18970108
;;;3,92E+03;-49,78969955
;;;3,93E+03;-52,18970108
;;;3,95E+03;-52,18970108
;;;3,96E+03;-53,38970184
;;;3,97E+03;-34,58969879
;;;3,98E+03;-22,18970108
;;;4,00E+03;-20,18970108
;;;4,01E+03;-20,18970108
;;;4,02E+03;-23,38969994
;;;4,03E+03;-38,98970032
;;;4,04E+03;-50,18970108
;;;4,06E+03;-58,58970261
;;;4,07E+03;-53,38970184
;;;4,08E+03;-58,58970261
;;;4,09E+03;-66,98970032
;;;4,11E+03;-66,98970032
;;;4,12E+03;-50,58969879
;;;4,13E+03;-48,98970032
;;;4,14E+03;-48,98970032
;;;4,16E+03;-50,58969879
;;;4,17E+03;-64,58969879
;;;4,18E+03;-56,18970108
;;;4,19E+03;-48,58969879
;;;4,20E+03;-46,58969879
;;;4,22E+03;-46,18970108
;;;4,23E+03;-48,98970032
;;;4,24E+03;-57,78969955
;;;4,25E+03;-55,38970184
;;;4,27E+03;-53,38970184
;;;4,28E+03;-54,98970032
;;;4,29E+03;-54,98970032
;;;4,30E+03;-66,98970032
;;;4,32E+03;-60,58970261
;;;4,33E+03;-40,98970032
;;;4,34E+03;-38,18970108
;;;4,35E+03;-38,18970108
;;;4,36E+03;-39,78969955
;;;4,38E+03;-51,78969955
;;;4,39E+03;-60,58970261
;;;4,40E+03;-55,38970184
;;;4,41E+03;-51,78969955
;;;4,43E+03;-53,38970184
;;;4,44E+03;-54,98970032
;;;4,45E+03;-64,58969879
;;;4,46E+03;-57,38970184
;;;4,48E+03;-53,38970184
;;;4,49E+03;-53,38970184
;;;4,50E+03;-55,38970184
;;;4,51E+03;-61,38970184
;;;4,53E+03;-60,58970261
;;;4,54E+03;-47,38970184
;;;4,55E+03;-44,98970032
;;;4,56E+03;-44,98970032
;;;4,57E+03;-48,18970108
;;;4,59E+03;-66,98970032
;;;4,60E+03;-66,98970032
;;;4,61E+03;-57,78969955
;;;4,62E+03;-57,38970184
;;;4,64E+03;-54,98970032
;;;4,65E+03;-58,58970261
;;;4,66E+03;-61,38970184
;;;4,67E+03;-49,38970184
;;;4,69E+03;-44,18970108
;;;4,70E+03;-43,78969955
;;;4,71E+03;-44,18970108
;;;4,72E+03;-54,58970261
;;;4,73E+03;-61,38970184
;;;4,75E+03;-51,38970184
;;;4,76E+03;-49,38970184
;;;4,77E+03;-49,78969955
;;;4,78E+03;-52,98970032
;;;4,80E+03;-66,98970032
;;;4,81E+03;-61,38970184
;;;4,82E+03;-53,38970184
;;;4,83E+03;-53,38970184
;;;4,85E+03;-54,58970261
;;;4,86E+03;-60,58970261
;;;4,87E+03;-61,38970184
;;;4,88E+03;-44,98970032
;;;4,90E+03;-40,98970032
;;;4,91E+03;-40,98970032
;;;4,92E+03;-42,58969879
;;;4,93E+03;-52,18970108
;;;4,94E+03;-66,98970032
;;;4,96E+03;-56,18970108
;;;4,97E+03;-53,38970184
;;;4,98E+03;-53,38970184
;;;4,99E+03;-52,98970032
;;;5,01E+03;-55,38970184
;;;5,02E+03;-50,58969879
;;;5,03E+03;-44,98970032
;;;5,04E+03;-43,78969955
;;;5,06E+03;-44,98970032
;;;5,07E+03;-50,98970032
;;;5,08E+03;-61,38970184
;;;5,09E+03;-52,58969879
;;;5,10E+03;-51,38970184
;;;5,12E+03;-51,38970184
;;;5,13E+03;-53,38970184
;;;5,14E+03;-60,58970261
;;;5,15E+03;-58,58970261
;;;5,17E+03;-53,38970184
;;;5,18E+03;-53,38970184
;;;5,19E+03;-52,98970032
;;;5,20E+03;-54,98970032
;;;5,22E+03;-66,98970032
;;;5,23E+03;-41,38970184
;;;5,24E+03;-34,98970032
;;;5,25E+03;-34,58969879
;;;5,27E+03;-34,98970032
;;;5,28E+03;-42,18970108
;;;5,29E+03;-66,98970032
;;;5,30E+03;-57,38970184
;;;5,31E+03;-53,38970184
;;;5,33E+03;-54,58970261
;;;5,34E+03;-54,98970032
;;;5,35E+03;-57,38970184
;;;5,36E+03;-61,38970184
;;;5,38E+03;-53,38970184
;;;5,39E+03;-49,38970184
;;;5,40E+03;-50,58969879
;;;5,41E+03;-53,38970184
;;;5,43E+03;-66,98970032
;;;5,44E+03;-57,38970184
;;;5,45E+03;-53,38970184
;;;5,46E+03;-53,38970184
;;;5,47E+03;-51,78969955
;;;5,49E+03;-60,58970261
;;;5,50E+03;-60,58970261
;;;5,51E+03;-53,38970184
;;;5,52E+03;-50,58969879
;;;5,54E+03;-51,78969955
;;;5,55E+03;-51,78969955
;;;5,56E+03;-61,38970184
;;;5,57E+03;-32,98970032
;;;5,59E+03;-24,18970108
;;;5,60E+03;-23,38969994
;;;5,61E+03;-23,38969994
;;;5,62E+03;-28,5897007
;;;5,63E+03;-53,38970184
;;;5,65E+03;-54,58970261
;;;5,66E+03;-54,58970261
;;;5,67E+03;-52,98970032
;;;5,68E+03;-54,58970261
;;;5,70E+03;-66,98970032
;;;5,71E+03;-66,98970032
;;;5,72E+03;-53,38970184
;;;5,73E+03;-52,18970108
;;;5,75E+03;-50,18970108
;;;5,76E+03;-52,18970108
;;;5,77E+03;-60,58970261
;;;5,78E+03;-57,38970184
;;;5,80E+03;-49,78969955
;;;5,81E+03;-48,58969879
;;;5,82E+03;-49,78969955
;;;5,83E+03;-60,58970261
;;;5,84E+03;-64,58969879
;;;5,86E+03;-64,58969879
;;;5,87E+03;-54,98970032
;;;5,88E+03;-54,58970261
;;;5,89E+03;-53,38970184
;;;5,91E+03;-64,58969879
;;;5,92E+03;-52,58969879
;;;5,93E+03;-40,18970108
;;;5,94E+03;-38,18970108
;;;5,96E+03;-38,58969879
;;;5,97E+03;-42,18970108
;;;5,98E+03;-60,58970261
;;;5,99E+03;-58,58970261
;;;6,00E+03;-54,98970032
;;;6,02E+03;-54,58970261
;;;6,03E+03;-54,58970261
;;;6,04E+03;-61,38970184
;;;6,05E+03;-66,98970032
;;;6,07E+03;-54,58970261
;;;6,08E+03;-49,78969955
;;;6,09E+03;-50,98970032
;;;6,10E+03;-52,98970032
;;;6,12E+03;-61,38970184
;;;6,13E+03;-57,38970184
;;;6,14E+03;-45,38970184
;;;6,15E+03;-44,98970032
;;;6,17E+03;-44,98970032
;;;6,18E+03;-48,98970032
;;;6,19E+03;-66,98970032
;;;6,20E+03;-57,38970184
;;;6,21E+03;-52,98970032
;;;6,23E+03;-52,98970032
;;;6,24E+03;-54,98970032
;;;6,25E+03;-61,38970184
;;;6,26E+03;-60,58970261
;;;6,28E+03;-45,78969955
;;;6,29E+03;-42,98970032
;;;6,30E+03;-43,38970184
;;;6,31E+03;-44,98970032
;;;6,33E+03;-55,38970184
;;;6,34E+03;-60,58970261
;;;6,35E+03;-54,58970261
;;;6,36E+03;-54,58970261
;;;6,37E+03;-57,38970184
;;;6,39E+03;-61,38970184
;;;6,40E+03;-66,98970032
;;;6,41E+03;-57,38970184
;;;6,42E+03;-51,38970184
;;;6,44E+03;-51,38970184
;;;6,45E+03;-52,98970032
;;;6,46E+03;-56,18970108
;;;6,47E+03;-58,58970261
;;;6,49E+03;-44,98970032
;;;6,50E+03;-42,58969879
;;;6,51E+03;-42,58969879
;;;6,52E+03;-44,98970032
;;;6,54E+03;-60,58970261
;;;6,55E+03;-64,58969879
;;;6,56E+03;-55,38970184
;;;6,57E+03;-53,38970184
;;;6,58E+03;-54,98970032
;;;6,60E+03;-61,38970184
;;;6,61E+03;-60,58970261
;;;6,62E+03;-52,58969879
;;;6,63E+03;-47,38970184
;;;6,65E+03;-45,78969955
;;;6,66E+03;-47,78969955
;;;6,67E+03;-56,18970108
;;;6,68E+03;-60,58970261
;;;6,70E+03;-51,38970184
;;;6,71E+03;-50,18970108
;;;6,72E+03;-49,78969955
;;;6,73E+03;-51,38970184
;;;6,74E+03;-64,58969879
;;;6,76E+03;-60,58970261
;;;6,77E+03;-52,18970108
;;;6,78E+03;-52,18970108
;;;6,79E+03;-50,98970032
;;;6,81E+03;-52,58969879
;;;6,82E+03;-64,58969879
;;;6,83E+03;-37,78969955
;;;6,84E+03;-33,78969955
;;;6,86E+03;-33,78969955
;;;6,87E+03;-34,98970032
;;;6,88E+03;-44,58969879
;;;6,89E+03;-64,58969879
;;;6,90E+03;-52,18970108
;;;6,92E+03;-50,98970032
;;;6,93E+03;-50,18970108
;;;6,94E+03;-54,98970032
;;;6,95E+03;-66,98970032
;;;6,97E+03;-57,78969955
;;;6,98E+03;-50,18970108
;;;6,99E+03;-48,58969879
;;;7,00E+03;-49,38970184
;;;7,02E+03;-53,38970184
;;;7,03E+03;-64,58969879
;;;7,04E+03;-53,38970184
;;;7,05E+03;-48,98970032
;;;7,07E+03;-47,78969955
;;;7,08E+03;-51,38970184
;;;7,09E+03;-64,58969879
;;;7,10E+03;-66,98970032
;;;7,11E+03;-56,18970108
;;;7,13E+03;-56,18970108
;;;7,14E+03;-54,58970261
;;;7,15E+03;-64,58969879
;;;7,16E+03;-66,98970032
;;;7,18E+03;-31,78969955
;;;7,19E+03;-25,78969955
;;;7,20E+03;-25,38969994
;;;7,21E+03;-26,18970108
;;;7,23E+03;-33,78969955
;;;7,24E+03;-60,58970261
;;;7,25E+03;-54,98970032
;;;7,26E+03;-50,58969879
;;;7,27E+03;-53,38970184
;;;7,29E+03;-54,98970032
;;;7,30E+03;-64,58969879
;;;7,31E+03;-60,58970261
;;;7,32E+03;-51,38970184
;;;7,34E+03;-50,58969879
;;;7,35E+03;-50,58969879
;;;7,36E+03;-55,38970184
;;;7,37E+03;-66,98970032
;;;7,39E+03;-51,78969955
;;;7,40E+03;-46,18970108
;;;7,41E+03;-47,38970184
;;;7,42E+03;-47,78969955
;;;7,44E+03;-57,38970184
;;;7,45E+03;-66,98970032
;;;7,46E+03;-60,58970261
;;;7,47E+03;-54,98970032
;;;7,48E+03;-52,98970032
;;;7,50E+03;-52,18970108
;;;7,51E+03;-60,58970261
;;;7,52E+03;-46,18970108
;;;7,53E+03;-39,38970184
;;;7,55E+03;-38,58969879
;;;7,56E+03;-38,98970032
;;;7,57E+03;-44,58969879
;;;7,58E+03;-61,38970184
;;;7,60E+03;-60,58970261
;;;7,61E+03;-56,18970108
;;;7,62E+03;-52,58969879
;;;7,63E+03;-52,18970108
;;;7,64E+03;-57,38970184
;;;7,66E+03;-60,58970261
;;;7,67E+03;-51,38970184
;;;7,68E+03;-49,78969955
;;;7,69E+03;-51,38970184
;;;7,71E+03;-52,58969879
;;;7,72E+03;-66,98970032
;;;7,73E+03;-53,38970184
;;;7,74E+03;-46,18970108
;;;7,76E+03;-45,38970184
;;;7,77E+03;-44,98970032
;;;7,78E+03;-49,78969955
;;;7,79E+03;-60,58970261
;;;7,81E+03;-54,58970261
;;;7,82E+03;-52,18970108
;;;7,83E+03;-53,38970184
;;;7,84E+03;-58,58970261
;;;7,85E+03;-66,98970032
;;;7,87E+03;-54,58970261
;;;7,88E+03;-44,58969879
;;;7,89E+03;-42,98970032
;;;7,90E+03;-43,38970184
;;;7,92E+03;-46,98970032
;;;7,93E+03;-66,98970032
;;;7,94E+03;-54,58970261
;;;7,95E+03;-50,98970032
;;;7,97E+03;-50,18970108
;;;7,98E+03;-52,18970108
;;;7,99E+03;-64,58969879
;;;8,00E+03;-66,98970032
;;;8,01E+03;-57,78969955
;;;8,03E+03;-51,78969955
;;;8,04E+03;-53,38970184
;;;8,05E+03;-55,38970184
;;;8,06E+03;-60,58970261
;;;8,08E+03;-53,38970184
;;;8,09E+03;-42,98970032
;;;8,10E+03;-41,38970184
;;;8,11E+03;-40,98970032
;;;8,13E+03;-44,98970032
;;;8,14E+03;-64,58969879
;;;8,15E+03;-58,58970261
;;;8,16E+03;-53,38970184
;;;8,18E+03;-53,38970184
;;;8,19E+03;-53,38970184
;;;8,20E+03;-64,58969879
;;;8,21E+03;-66,98970032
;;;8,22E+03;-51,38970184
;;;8,24E+03;-47,38970184
;;;8,25E+03;-46,58969879
;;;8,26E+03;-50,18970108
;;;8,27E+03;-64,58969879
;;;8,29E+03;-55,38970184
;;;8,30E+03;-49,38970184
;;;8,31E+03;-48,18970108
;;;8,32E+03;-48,98970032
;;;8,34E+03;-54,98970032
;;;8,35E+03;-64,58969879
;;;8,36E+03;-60,58970261
;;;8,37E+03;-54,58970261
;;;8,38E+03;-52,98970032
;;;8,40E+03;-54,58970261
;;;8,41E+03;-57,38970184
;;;8,42E+03;-47,38970184
;;;8,43E+03;-34,98970032
;;;8,45E+03;-32,58969879
;;;8,46E+03;-32,18970108
;;;8,47E+03;-34,58969879
;;;8,48E+03;-47,78969955
;;;8,50E+03;-64,58969879
;;;8,51E+03;-52,58969879
;;;8,52E+03;-51,38970184
;;;8,53E+03;-51,38970184
;;;8,54E+03;-54,98970032
;;;8,56E+03;-60,58970261
;;;8,57E+03;-51,38970184
;;;8,58E+03;-48,58969879
;;;8,59E+03;-48,58969879
;;;8,61E+03;-47,78969955
;;;8,62E+03;-53,38970184
;;;8,63E+03;-64,58969879
;;;8,64E+03;-52,58969879
;;;8,66E+03;-50,58969879
;;;8,67E+03;-50,58969879
;;;8,68E+03;-51,38970184
;;;8,69E+03;-61,38970184
;;;8,71E+03;-60,58970261
;;;8,72E+03;-52,98970032
;;;8,73E+03;-53,38970184
;;;8,74E+03;-50,58969879
;;;8,75E+03;-58,58970261
;;;8,77E+03;-47,78969955
;;;8,78E+03;-30,98970032
;;;8,79E+03;-27,38969994
;;;8,80E+03;-27,38969994
;;;8,82E+03;-28,5897007
;;;8,83E+03;-38,98970032
;;;8,84E+03;-54,98970032
;;;8,85E+03;-53,38970184
;;;8,87E+03;-50,58969879
;;;8,88E+03;-50,58969879
;;;8,89E+03;-51,78969955
;;;8,90E+03;-57,78969955
;;;8,91E+03;-53,38970184
;;;8,93E+03;-48,98970032
;;;8,94E+03;-48,98970032
;;;8,95E+03;-51,38970184
;;;8,96E+03;-60,58970261
;;;8,98E+03;-60,58970261
;;;8,99E+03;-50,58969879
;;;9,00E+03;-47,38970184
;;;9,01E+03;-48,18970108
;;;9,03E+03;-49,38970184
;;;9,04E+03;-64,58969879
;;;9,05E+03;-64,58969879
;;;9,06E+03;-54,98970032
;;;9,08E+03;-53,38970184
;;;9,09E+03;-51,78969955
;;;9,10E+03;-57,78969955
;;;9,11E+03;-60,58970261
;;;9,12E+03;-44,18970108
;;;9,14E+03;-39,38970184
;;;9,15E+03;-38,98970032
;;;9,16E+03;-40,18970108
;;;9,17E+03;-47,38970184
;;;9,19E+03;-64,58969879
;;;9,20E+03;-54,98970032
;;;9,21E+03;-53,38970184
;;;9,22E+03;-52,98970032
;;;9,24E+03;-54,58970261
;;;9,25E+03;-66,98970032
;;;9,26E+03;-64,58969879
;;;9,27E+03;-50,98970032
;;;9,28E+03;-49,38970184
;;;9,30E+03;-49,38970184
;;;9,31E+03;-52,18970108
;;;9,32E+03;-60,58970261
;;;9,33E+03;-51,38970184
;;;9,35E+03;-45,78969955
;;;9,36E+03;-45,38970184
;;;9,37E+03;-44,98970032
;;;9,38E+03;-51,38970184
;;;9,40E+03;-58,58970261
;;;9,41E+03;-53,38970184
;;;9,42E+03;-53,38970184
;;;9,43E+03;-54,98970032
;;;9,45E+03;-58,58970261
;;;9,46E+03;-66,98970032
;;;9,47E+03;-51,38970184
;;;9,48E+03;-43,38970184
;;;9,49E+03;-43,78969955
;;;9,51E+03;-44,58969879
;;;9,52E+03;-51,38970184
;;;9,53E+03;-66,98970032
;;;9,54E+03;-54,98970032
;;;9,56E+03;-49,78969955
;;;9,57E+03;-49,78969955
;;;9,58E+03;-49,78969955
;;;9,59E+03;-54,98970032
;;;9,61E+03;-60,58970261
;;;9,62E+03;-54,58970261
;;;9,63E+03;-52,18970108
;;;9,64E+03;-52,98970032
;;;9,65E+03;-56,18970108
;;;9,67E+03;-61,38970184
;;;9,68E+03;-47,38970184
;;;9,69E+03;-40,98970032
;;;9,70E+03;-40,58969879
;;;9,72E+03;-41,38970184
;;;9,73E+03;-48,98970032
;;;9,74E+03;-66,98970032
;;;9,75E+03;-57,38970184
;;;9,77E+03;-51,78969955
;;;9,78E+03;-53,38970184
;;;9,79E+03;-52,98970032
;;;9,80E+03;-66,98970032
;;;9,81E+03;-57,38970184
;;;9,83E+03;-48,18970108
;;;9,84E+03;-46,58969879
;;;9,85E+03;-46,58969879
;;;9,86E+03;-48,98970032
;;;9,88E+03;-60,58970261
;;;9,89E+03;-57,78969955
;;;9,90E+03;-51,78969955
;;;9,91E+03;-53,38970184
;;;9,93E+03;-53,38970184
;;;9,94E+03;-61,38970184
;;;9,95E+03;-66,98970032
;;;9,96E+03;-55,38970184
;;;9,98E+03;-53,38970184
;;;9,99E+03;-53,38970184
;;;1,00E+04;-57,38970184
;;;1,00E+04;-56,18970108
;;;1,00E+04;-43,78969955
;;;1,00E+04;-33,38970184
;;;1,00E+04;-32,18970108
;;;1,01E+04;-31,78969955
;;;1,01E+04;-36,18970108
;;;1,01E+04;-56,18970108
;;;1,01E+04;-64,58969879
;;;1,01E+04;-54,58970261
;;;1,01E+04;-53,38970184
;;;1,01E+04;-52,98970032
;;;1,01E+04;-61,38970184
;;;1,02E+04;-61,38970184
;;;1,02E+04;-51,38970184
;;;1,02E+04;-48,98970032
;;;1,02E+04;-48,58969879
;;;1,02E+04;-51,38970184
;;;1,02E+04;-57,38970184
;;;1,02E+04;-56,18970108
;;;1,02E+04;-48,98970032
;;;1,03E+04;-48,18970108
;;;1,03E+04;-49,78969955
;;;1,03E+04;-54,98970032
;;;1,03E+04;-66,98970032
;;;1,03E+04;-56,18970108
;;;1,03E+04;-51,38970184
;;;1,03E+04;-52,58969879
;;;1,03E+04;-52,58969879
;;;1,04E+04;-64,58969879
;;;1,04E+04;-44,98970032
;;;1,04E+04;-30,98970032
;;;1,04E+04;-28,5897007
;;;1,04E+04;-28,5897007
;;;1,04E+04;-30,98970032
;;;1,04E+04;-45,38970184
;;;1,04E+04;-56,18970108
;;;1,05E+04;-54,58970261
;;;1,05E+04;-52,58969879
;;;1,05E+04;-54,98970032
;;;1,05E+04;-64,58969879
;;;1,05E+04;-61,38970184
;;;1,05E+04;-56,18970108
;;;1,05E+04;-52,58969879
;;;1,05E+04;-49,78969955
;;;1,06E+04;-51,38970184
;;;1,06E+04;-58,58970261
;;;1,06E+04;-61,38970184
;;;1,06E+04;-50,18970108
;;;1,06E+04;-47,78969955
;;;1,06E+04;-47,78969955
;;;1,06E+04;-50,98970032
;;;1,06E+04;-61,38970184
;;;1,07E+04;-61,38970184
;;;1,07E+04;-53,38970184
;;;1,07E+04;-53,38970184
;;;1,07E+04;-54,98970032
;;;1,07E+04;-61,38970184
;;;1,07E+04;-57,78969955
;;;1,07E+04;-42,98970032
;;;1,07E+04;-38,98970032
;;;1,08E+04;-38,98970032
;;;1,08E+04;-40,98970032
;;;1,08E+04;-51,78969955
;;;1,08E+04;-60,58970261
;;;1,08E+04;-51,78969955
;;;1,08E+04;-49,38970184
;;;1,08E+04;-49,38970184
;;;1,08E+04;-51,78969955
;;;1,09E+04;-61,38970184
;;;1,09E+04;-57,78969955
;;;1,09E+04;-53,38970184
;;;1,09E+04;-53,38970184
;;;1,09E+04;-53,38970184
;;;1,09E+04;-57,38970184
;;;1,09E+04;-60,58970261
;;;1,09E+04;-47,38970184
;;;1,09E+04;-43,78969955
;;;1,10E+04;-43,38970184
;;;1,10E+04;-44,18970108
;;;1,10E+04;-54,58970261
;;;1,10E+04;-60,58970261
;;;1,10E+04;-54,58970261
;;;1,10E+04;-54,58970261
;;;1,10E+04;-54,98970032
;;;1,10E+04;-54,98970032
;;;1,11E+04;-60,58970261
;;;1,11E+04;-47,78969955
;;;1,11E+04;-43,38970184
;;;1,11E+04;-42,98970032
;;;1,11E+04;-43,78969955
;;;1,11E+04;-50,18970108
;;;1,11E+04;-64,58969879
;;;1,11E+04;-52,18970108
;;;1,12E+04;-49,78969955
;;;1,12E+04;-51,38970184
;;;1,12E+04;-53,38970184
;;;1,12E+04;-64,58969879
;;;1,12E+04;-58,58970261
;;;1,12E+04;-51,38970184
;;;1,12E+04;-49,78969955
;;;1,12E+04;-51,38970184
;;;1,13E+04;-58,58970261
;;;1,13E+04;-66,98970032
;;;1,13E+04;-44,58969879
;;;1,13E+04;-40,18970108
;;;1,13E+04;-40,18970108
;;;1,13E+04;-41,38970184
;;;1,13E+04;-51,38970184
;;;1,13E+04;-66,98970032
;;;1,14E+04;-56,18970108
;;;1,14E+04;-54,98970032
;;;1,14E+04;-53,38970184
;;;1,14E+04;-54,98970032
;;;1,14E+04;-66,98970032
;;;1,14E+04;-56,18970108
;;;1,14E+04;-47,38970184
;;;1,14E+04;-46,58969879
;;;1,15E+04;-47,38970184
;;;1,15E+04;-52,58969879
;;;1,15E+04;-64,58969879
;;;1,15E+04;-53,38970184
;;;1,15E+04;-49,78969955
;;;1,15E+04;-50,18970108
;;;1,15E+04;-50,18970108
;;;1,15E+04;-56,18970108
;;;1,16E+04;-56,18970108
;;;1,16E+04;-52,18970108
;;;1,16E+04;-50,18970108
;;;1,16E+04;-51,78969955
;;;1,16E+04;-57,38970184
;;;1,16E+04;-64,58969879
;;;1,16E+04;-38,18970108
;;;1,16E+04;-31,78969955
;;;1,17E+04;-31,38969994
;;;1,17E+04;-31,78969955
;;;1,17E+04;-38,18970108
;;;1,17E+04;-64,58969879
;;;1,17E+04;-57,78969955
;;;1,17E+04;-53,38970184
;;;1,17E+04;-51,38970184
;;;1,17E+04;-53,38970184
;;;1,18E+04;-58,58970261
;;;1,18E+04;-57,38970184
;;;1,18E+04;-49,38970184
;;;1,18E+04;-48,18970108
;;;1,18E+04;-48,18970108
;;;1,18E+04;-53,38970184
;;;1,18E+04;-66,98970032
;;;1,18E+04;-53,38970184
;;;1,18E+04;-47,78969955
;;;1,19E+04;-47,78969955
;;;1,19E+04;-47,78969955
;;;1,19E+04;-51,38970184
;;;1,19E+04;-57,78969955
;;;1,19E+04;-53,38970184
;;;1,19E+04;-50,98970032
;;;1,19E+04;-53,38970184
;;;1,19E+04;-56,18970108
;;;1,20E+04;-57,78969955
;;;1,20E+04;-40,58969879
;;;1,20E+04;-30,98970032
;;;1,20E+04;-29,78969955
;;;1,20E+04;-30,18970108
;;;1,20E+04;-34,98970032
;;;1,20E+04;-64,58969879
;;;1,20E+04;-50,98970032
;;;1,21E+04;-48,58969879
;;;1,21E+04;-48,98970032
;;;1,21E+04;-50,98970032
;;;1,21E+04;-55,38970184
;;;1,21E+04;-64,58969879
;;;1,21E+04;-53,38970184
;;;1,21E+04;-52,58969879
;;;1,21E+04;-52,18970108
;;;1,22E+04;-57,38970184
;;;1,22E+04;-64,58969879
;;;1,22E+04;-53,38970184
;;;1,22E+04;-47,38970184
;;;1,22E+04;-46,18970108
;;;1,22E+04;-47,38970184
;;;1,22E+04;-51,38970184
;;;1,22E+04;-66,98970032
;;;1,23E+04;-56,18970108
;;;1,23E+04;-53,38970184
;;;1,23E+04;-53,38970184
;;;1,23E+04;-53,38970184
;;;1,23E+04;-64,58969879
;;;1,23E+04;-54,58970261
;;;1,23E+04;-41,78969955
;;;1,23E+04;-39,78969955
;;;1,24E+04;-40,18970108
;;;1,24E+04;-43,38970184
;;;1,24E+04;-60,58970261
;;;1,24E+04;-57,38970184
;;;1,24E+04;-51,78969955
;;;1,24E+04;-51,78969955
;;;1,24E+04;-50,58969879
;;;1,24E+04;-53,38970184
;;;1,25E+04;-64,58969879
;;;1,25E+04;-54,98970032
;;;1,25E+04;-52,98970032
;;;1,25E+04;-52,18970108
;;;1,25E+04;-54,58970261
;;;1,25E+04;-66,98970032
;;;1,25E+04;-53,38970184
;;;1,25E+04;-44,98970032
;;;1,26E+04;-43,78969955
;;;1,26E+04;-43,78969955
;;;1,26E+04;-48,18970108
;;;1,26E+04;-66,98970032
;;;1,26E+04;-61,38970184
;;;1,26E+04;-53,38970184
