Record Length,1024,Points,0.0,-41.34850311,
Sample Interval,12.3303347,Hz,12.3303347,-39.74850082,
Trigger Point,0.0,Samples,24.66066933,-48.94850159,
,,,36.99100494,-52.14850235,
,,,49.32133865,-52.54850006,
,,,61.651672363,-60.548500061,
Source,MATH,,73.982009888,-56.948501587,
Vertical Units,dB,,86.312339783,-44.94850159,
Vertical Scale,10.0000001,,98.642677307,-42.54850006,
Vertical Offset,-34,9485,,110.9730148,-42.94850159,
Horizontal Units,Hz,,123.3033447,-45.34850311,
Horizontal Scale,1.2626263E3,,135.6336823,-59.348503113,
Pt Fmt,Y,,147.9640198,-62.948501587,
Yzero,0.0,,160.29435730,-55.348503113,
,,,172.62467957,-54.54850006,
,,,184.95501709,-54.54850006,
Note,TDS 2012B - 02:19:56 p. m.   30/07/2026,,197.28535461,-61.348503113,
,,,209.61569214,-74.948501587,
,,,221.94602966,-50.94850159,
,,,234.27635193,-46.14850235,
,,,246.60668945,-46.14850235,
,,,258.93704224,-47.34850311,
,,,271.26736450,-56.948501587,
,,,283.59768677,-64.148498535,
,,,295.92803955,-53.74850082,
,,,308.25836182,-51.34850311,
,,,320.58871460,-50.94850159,
,,,332.91903687,-54.14850235,
,,,345.24935913,-68.548500061,
,,,357.57971191,-60.148502350,
,,,369.91003418,-52.94850159,
,,,382.24038696,-52.94850159,
,,,394.57070923,-53.34850311,
,,,406.901031494,-60.148502350,
,,,419.231384277,-56.948501587,
,,,431.561706543,-40.14850235,
,,,443.892059326,-36.94850159,
,,,456.222381592,-36.94850159,
,,,468.552703857,-38.54850006,
,,,480.883056641,-48.54850006,
,,,493.213378906,-66.548500061,
,,,505.543731689,-55.348503113,
,,,517.874084473,-53.74850082,
,,,530.204406738,-53.74850082,
,,,542.534729004,-57.348503113,
,,,554.865051270,-72.548500061,
,,,567.195373535,-54.14850235,
,,,579.525756836,-48.54850006,
,,,591.856079102,-48.14850235,
,,,604.186401367,-48.94850159,
,,,616.516723633,-56.948501587,
,,,628.847045898,-68.548500061,
,,,641.177429199,-53.34850311,
,,,653.507751465,-50.14850235,
,,,665.838073730,-49.74850082,
,,,678.168395996,-50.94850159,
,,,690.498718262,-64.148498535,
,,,702.829101563,-65.348503113,
,,,715.159423828,-53.74850082,
,,,727.489746094,-53.74850082,
,,,739.820068359,-51.34850311,
,,,752.150390625,-51.74850082,
,,,764.480773926,-39.74850082,
,,,776.811096191,-12.5485010,
,,,789.141418457,-6.94850111,
,,,801.471740723,-6.94850111,
,,,813.802062988,-7.748501301,
,,,826.132446289,-15.7485008,
,,,838.462768555,-42.94850159,
,,,850.793090820,-53.74850082,
,,,863.123413086,-51.34850311,
,,,875.453735352,-54.54850006,
,,,887.784118652,-55.748500824,
,,,900.114440918,-74.948501587,
,,,912.444763184,-62.548503876,
,,,924.775085449,-51.34850311,
,,,937.105407715,-50.94850159,
,,,949.435791016,-50.94850159,
,,,961.766113281,-55.748500824,
,,,974.096435547,-74.948501587,
,,,986.426757813,-52.94850159,
,,,998.757080078,-48.14850235,
,,,1.0110875E3,-48.14850235,
,,,1.0234178E3,-49.34850311,
,,,1.0357482E3,-58.548500061,
,,,1.0480785E3,-66.548500061,
,,,1.0604089E3,-54.948501587,
,,,1.0727392E3,-52.14850235,
,,,1.0850695E3,-52.94850159,
,,,1.0973998E3,-55.748500824,
,,,1.1097302E3,-68.548500061,
,,,1.1220605E3,-45.74850082,
,,,1.1343908E3,-37.74850082,
,,,1.1467211E3,-37.34850311,
,,,1.1590516E3,-37.74850082,
,,,1.1713819E3,-42.94850159,
,,,1.1837122E3,-72.548500061,
,,,1.1960425E3,-56.148502350,
,,,1.2083729E3,-53.74850082,
,,,1.2207032E3,-52.94850159,
,,,1.2330335E3,-54.948501587,
,,,1.2453638E3,-64.148498535,
,,,1.2576942E3,-68.548500061,
,,,1.2700245E3,-53.34850311,
,,,1.2823549E3,-52.14850235,
,,,1.2946852E3,-51.34850311,
,,,1.3070156E3,-54.54850006,
,,,1.3193459E3,-66.548500061,
,,,1.3316762E3,-52.94850159,
,,,1.3440065E3,-46.54850006,
,,,1.3563369E3,-46.14850235,
,,,1.3686672E3,-46.54850006,
,,,1.3809975E3,-52.54850006,
,,,1.3933278E3,-69.348503113,
,,,1.4056583E3,-56.948501587,
,,,1.4179886E3,-53.74850082,
,,,1.4303189E3,-53.74850082,
,,,1.4426492E3,-55.348503113,
,,,1.4549796E3,-69.348503113,
,,,1.4673099E3,-55.348503113,
,,,1.4796402E3,-44.54850006,
,,,1.4919705E3,-42.94850159,
,,,1.5043009E3,-43.34850311,
,,,1.5166312E3,-46.94850159,
,,,1.5289616E3,-69.348503113,
,,,1.5412919E3,-57.748500824,
,,,1.5536223E3,-52.14850235,
,,,1.5659526E3,-52.14850235,
,,,1.5782829E3,-52.54850006,
,,,1.5906132E3,-59.348503113,
,,,1.6029436E3,-74.948501587,
,,,1.6152739E3,-55.348503113,
,,,1.6276042E3,-52.54850006,
,,,1.6399346E3,-52.54850006,
,,,1.6522650E3,-54.54850006,
,,,1.6645953E3,-69.348503113,
,,,1.6769256E3,-52.14850235,
,,,1.6892559E3,-43.74850082,
,,,1.7015863E3,-42.54850006,
,,,1.7139166E3,-42.54850006,
,,,1.7262469E3,-46.94850159,
,,,1.7385772E3,-66.548500061,
,,,1.7509076E3,-59.348503113,
,,,1.7632380E3,-53.74850082,
,,,1.7755683E3,-54.14850235,
,,,1.7878986E3,-54.54850006,
,,,1.8002290E3,-63.348503113,
,,,1.8125593E3,-65.748504639,
,,,1.8248896E3,-48.94850159,
,,,1.8372199E3,-46.14850235,
,,,1.8495503E3,-45.74850082,
,,,1.8618806E3,-48.54850006,
,,,1.8742109E3,-61.348503113,
,,,1.8865413E3,-60.948501587,
,,,1.8988717E3,-52.54850006,
,,,1.9112020E3,-51.34850311,
,,,1.9235323E3,-51.34850311,
,,,1.9358626E3,-58.148502350,
,,,1.9481930E3,-74.948501587,
,,,1.9605233E3,-58.148502350,
,,,1.9728536E3,-54.14850235,
,,,1.9851839E3,-53.74850082,
,,,1.9975143E3,-54.948501587,
,,,2.0098447E3,-61.348503113,
,,,2.0221750E3,-50.94850159,
,,,2.0345053E3,-38.14850235,
,,,2.0468357E3,-36.14850235,
,,,2.0591659E3,-36.14850235,
,,,2.0714964E3,-38.94850159,
,,,2.0838268E3,-54.14850235,
,,,2.0961571E3,-62.948501587,
,,,2.1084874E3,-54.54850006,
,,,2.1208177E3,-54.948501587,
,,,2.1331481E3,-54.14850235,
,,,2.1454784E3,-59.348503113,
,,,2.1578087E3,-74.948501587,
,,,2.1701390E3,-52.54850006,
,,,2.1824693E3,-48.54850006,
,,,2.1947997E3,-48.14850235,
,,,2.2071300E3,-49.74850082,
,,,2.2194603E3,-57.348503113,
,,,2.2317906E3,-62.948501587,
,,,2.2441210E3,-52.14850235,
,,,2.2564513E3,-50.14850235,
,,,2.2687816E3,-50.14850235,
,,,2.2811119E3,-52.94850159,
,,,2.2934422E3,-68.548500061,
,,,2.3057726E3,-62.548503876,
,,,2.3181031E3,-53.74850082,
,,,2.3304335E3,-53.74850082,
,,,2.3427638E3,-51.34850311,
,,,2.3550941E3,-52.14850235,
,,,2.3674244E3,-36.94850159,
,,,2.3797548E3,-19.7485008,
,,,2.3920851E3,-16.5485020,
,,,2.4044154E3,-16.5485020,
,,,2.4167457E3,-18.1485004,
,,,2.4290760E3,-29.34850121,
,,,2.4414064E3,-48.14850235,
,,,2.4537367E3,-54.14850235,
,,,2.4660670E3,-52.94850159,
,,,2.4783973E3,-53.74850082,
,,,2.4907277E3,-56.148502350,
,,,2.5030580E3,-68.548500061,
,,,2.5153883E3,-56.148502350,
,,,2.5277186E3,-50.14850235,
,,,2.5400489E3,-50.14850235,
,,,2.5523795E3,-51.34850311,
,,,2.5647098E3,-58.548500061,
,,,2.5770402E3,-68.548500061,
,,,2.5893705E3,-51.34850311,
,,,2.6017008E3,-48.54850006,
,,,2.6140311E3,-48.54850006,
,,,2.6263615E3,-50.94850159,
,,,2.6386918E3,-68.548500061,
,,,2.6510221E3,-62.948501587,
,,,2.6633524E3,-54.54850006,
,,,2.6756827E3,-53.74850082,
,,,2.6880131E3,-53.74850082,
,,,2.7003434E3,-58.148502350,
,,,2.7126737E3,-65.348503113,
,,,2.72500404E3,-42.94850159,
,,,2.73733436E3,-38.14850235,
,,,2.74966468E3,-37.74850082,
,,,2.76199500E3,-38.94850159,
,,,2.77432533E3,-46.94850159,
,,,2.78665565E3,-62.948501587,
,,,2.79898622E3,-55.348503113,
,,,2.81131654E3,-52.94850159,
,,,2.82364686E3,-53.74850082,
,,,2.83597719E3,-55.348503113,
,,,2.84830751E3,-68.548500061,
,,,2.86063783E3,-59.748500824,
,,,2.87296815E3,-51.74850082,
,,,2.88529848E3,-50.94850159,
,,,2.89762880E3,-51.74850082,
,,,2.90995912E3,-56.148502350,
,,,2.92228945E3,-74.948501587,
,,,2.93461977E3,-51.34850311,
,,,2.94695009E3,-46.54850006,
,,,2.95928041E3,-46.14850235,
,,,2.97161074E3,-47.34850311,
,,,2.98394106E3,-56.548500061,
,,,2.99627138E3,-69.348503113,
,,,3.00860171E3,-57.748500824,
,,,3.02093203E3,-53.74850082,
,,,3.03326235E3,-53.74850082,
,,,3.04559292E3,-56.148502350,
,,,3.05792324E3,-66.548500061,
,,,3.07025356E3,-50.94850159,
,,,3.08258389E3,-43.74850082,
,,,3.09491421E3,-43.34850311,
,,,3.10724453E3,-43.74850082,
,,,3.11957486E3,-49.74850082,
,,,3.13190518E3,-68.548500061,
,,,3.14423550E3,-55.348503113,
,,,3.15656582E3,-51.74850082,
,,,3.16889615E3,-51.34850311,
,,,3.18122647E3,-52.94850159,
,,,3.19355679E3,-61.348503113,
,,,3.20588712E3,-62.548503876,
,,,3.21821744E3,-53.74850082,
,,,3.23054776E3,-52.14850235,
,,,3.24287808E3,-52.14850235,
,,,3.25520841E3,-56.148502350,
,,,3.26753873E3,-69.348503113,
,,,3.27986930E3,-48.94850159,
,,,3.29219962E3,-42.54850006,
,,,3.30452994E3,-42.14850235,
,,,3.31686026E3,-42.54850006,
,,,3.32919059E3,-49.34850311,
,,,3.34152091E3,-74.948501587,
,,,3.35385123E3,-57.748500824,
,,,3.36618156E3,-54.14850235,
,,,3.37851188E3,-54.948501587,
,,,3.39084220E3,-56.148502350,
,,,3.40317252E3,-64.148498535,
,,,3.41550285E3,-57.748500824,
,,,3.42783317E3,-47.34850311,
,,,3.44016349E3,-46.54850006,
,,,3.45249382E3,-46.54850006,
,,,3.46482414E3,-50.14850235,
,,,3.47715446E3,-68.548500061,
,,,3.48948478E3,-57.348503113,
,,,3.50181511E3,-51.34850311,
,,,3.51414543E3,-51.34850311,
,,,3.52647600E3,-51.34850311,
,,,3.53880632E3,-58.548500061,
,,,3.55113664E3,-74.948501587,
,,,3.56346697E3,-55.748500824,
,,,3.57579729E3,-54.14850235,
,,,3.58812761E3,-53.74850082,
,,,3.60045793E3,-55.748500824,
,,,3.61278826E3,-65.748504639,
,,,3.62511858E3,-45.34850311,
,,,3.63744890E3,-36.54850006,
,,,3.64977923E3,-35.74850082,
,,,3.66210955E3,-35.74850082,
,,,3.67443987E3,-40.14850235,
,,,3.68677019E3,-59.348503113,
,,,3.69910052E3,-58.548500061,
,,,3.71143084E3,-54.14850235,
,,,3.72376116E3,-54.14850235,
,,,3.73609149E3,-54.948501587,
,,,3.74842181E3,-66.548500061,
,,,3.76075213E3,-65.348503113,
,,,3.77308270E3,-50.94850159,
,,,3.78541302E3,-48.94850159,
,,,3.79774334E3,-48.54850006,
,,,3.81007367E3,-51.34850311,
,,,3.82240399E3,-65.348503113,
,,,3.83473431E3,-58.548500061,
,,,3.84706464E3,-50.14850235,
,,,3.85939496E3,-49.74850082,
,,,3.87172528E3,-50.94850159,
,,,3.88405560E3,-55.348503113,
,,,3.89638593E3,-68.548500061,
,,,3.90871625E3,-58.548500061,
,,,3.92104657E3,-52.54850006,
,,,3.93337690E3,-54.14850235,
,,,3.94570722E3,-52.94850159,
,,,3.95803754E3,-52.54850006,
,,,3.97036786E3,-34.94850159,
,,,3.98269819E3,-22.94850159,
,,,3.99502851E3,-20.94850159,
,,,4.00735908E3,-20.94850159,
,,,4.01968940E3,-24.14850235,
,,,4.03201972E3,-39.74850082,
,,,4.04435005E3,-52.94850159,
,,,4.05668037E3,-54.54850006,
,,,4.06901069E3,-52.94850159,
,,,4.08134101E3,-54.14850235,
,,,4.09367134E3,-60.148502350,
,,,4.10600166E3,-68.548500061,
,,,4.11833174E3,-54.948501587,
,,,4.13066231E3,-50.94850159,
,,,4.14299287E3,-50.94850159,
,,,4.15532295E3,-51.74850082,
,,,4.16765352E3,-61.348503113,
,,,4.17998360E3,-62.948501587,
,,,4.19231416E3,-50.14850235,
,,,4.20464424E3,-48.54850006,
,,,4.21697481E3,-48.54850006,
,,,4.22930489E3,-52.54850006,
,,,4.24163546E3,-74.948501587,
,,,4.25396553E3,-61.348503113,
,,,4.26629610E3,-55.348503113,
,,,4.27862618E3,-54.14850235,
,,,4.29095675E3,-54.14850235,
,,,4.30328683E3,-60.548500061,
,,,4.31561739E3,-59.348503113,
,,,4.32794747E3,-41.74850082,
,,,4.34027804E3,-38.54850006,
,,,4.35260812E3,-38.14850235,
,,,4.36493868E3,-40.14850235,
,,,4.37726925E3,-51.34850311,
,,,4.38959933E3,-65.348503113,
,,,4.40192990E3,-55.348503113,
,,,4.41425998E3,-54.14850235,
,,,4.42659054E3,-52.94850159,
,,,4.43892062E3,-56.548500061,
,,,4.45125119E3,-74.948501587,
,,,4.46358127E3,-56.948501587,
,,,4.47591183E3,-52.14850235,
,,,4.48824191E3,-52.14850235,
,,,4.50057248E3,-52.14850235,
,,,4.51290256E3,-57.748500824,
,,,4.52523313E3,-63.348503113,
,,,4.53756320E3,-48.14850235,
,,,4.54989377E3,-45.74850082,
,,,4.56222385E3,-45.34850311,
,,,4.57455442E3,-48.14850235,
,,,4.58688450E3,-61.348503113,
,,,4.59921506E3,-65.748504639,
,,,4.61154514E3,-56.548500061,
,,,4.62387571E3,-54.54850006,
,,,4.63620627E3,-54.54850006,
,,,4.64853635E3,-58.948501587,
,,,4.66086692E3,-69.348503113,
,,,4.67319700E3,-48.54850006,
,,,4.68552757E3,-43.74850082,
,,,4.69785765E3,-43.34850311,
,,,4.71018821E3,-44.54850006,
,,,4.72251829E3,-52.54850006,
,,,4.73484886E3,-64.148498535,
,,,4.74717894E3,-53.74850082,
,,,4.75950950E3,-52.14850235,
,,,4.77183958E3,-51.74850082,
,,,4.78417015E3,-54.14850235,
,,,4.79650023E3,-68.548500061,
,,,4.80883079E3,-61.348503113,
,,,4.82116087E3,-53.74850082,
,,,4.83349144E3,-53.74850082,
,,,4.84582152E3,-52.94850159,
,,,4.85815209E3,-58.148502350,
,,,4.87048265E3,-65.748504639,
,,,4.88281273E3,-46.54850006,
,,,4.89514330E3,-42.14850235,
,,,4.90747338E3,-42.14850235,
,,,4.91980394E3,-43.34850311,
,,,4.93213402E3,-52.94850159,
,,,4.94446459E3,-65.348503113,
,,,4.95679467E3,-54.948501587,
,,,4.96912524E3,-53.34850311,
,,,4.98145531E3,-53.74850082,
,,,4.99378588E3,-56.948501587,
,,,5.00611596E3,-72.548500061,
,,,5.01844653E3,-53.74850082,
,,,5.03077661E3,-46.94850159,
,,,5.04310717E3,-46.14850235,
,,,5.05543725E3,-46.94850159,
,,,5.06776782E3,-53.34850311,
,,,5.08009790E3,-74.948501587,
,,,5.09242846E3,-54.948501587,
,,,5.10475903E3,-51.34850311,
,,,5.11708911E3,-51.34850311,
,,,5.12941968E3,-52.94850159,
,,,5.14174976E3,-65.348503113,
,,,5.15408032E3,-68.548500061,
,,,5.16641040E3,-55.348503113,
,,,5.17874097E3,-53.74850082,
,,,5.19107105E3,-52.94850159,
,,,5.20340161E3,-56.148502350,
,,,5.21573169E3,-72.548500061,
,,,5.22806226E3,-41.34850311,
,,,5.24039234E3,-35.34850311,
,,,5.25272291E3,-34.94850159,
,,,5.26505298E3,-35.74850082,
,,,5.27738355E3,-42.94850159,
,,,5.28971363E3,-72.548500061,
,,,5.30204420E3,-57.748500824,
,,,5.31437428E3,-54.54850006,
,,,5.32670484E3,-54.14850235,
,,,5.33903492E3,-55.748500824,
,,,5.35136549E3,-74.948501587,
,,,5.36369606E3,-59.348503113,
,,,5.37602613E3,-49.74850082,
,,,5.38835670E3,-48.94850159,
,,,5.40068678E3,-48.94850159,
,,,5.41301735E3,-53.34850311,
,,,5.42534743E3,-74.948501587,
,,,5.43767799E3,-55.748500824,
,,,5.45000807E3,-49.74850082,
,,,5.46233864E3,-49.34850311,
,,,5.47466872E3,-50.14850235,
,,,5.48699928E3,-57.748500824,
,,,5.49932936E3,-65.348503113,
,,,5.51165993E3,-56.148502350,
,,,5.52399001E3,-53.74850082,
,,,5.53632058E3,-53.74850082,
,,,5.54865065E3,-55.748500824,
,,,5.56098122E3,-58.548500061,
,,,5.57331130E3,-33.34850311,
,,,5.58564187E3,-24.94850159,
,,,5.59797243E3,-23.74850082,
,,,5.61030251E3,-24.14850235,
,,,5.62263308E3,-28.94850159,
,,,5.63496316E3,-52.14850235,
,,,5.64729373E3,-56.948501587,
,,,5.65962380E3,-54.14850235,
,,,5.67195437E3,-52.94850159,
,,,5.68428445E3,-54.54850006,
,,,5.69661502E3,-62.548503876,
,,,5.70894510E3,-64.148498535,
,,,5.72127566E3,-52.54850006,
,,,5.73360574E3,-50.54850006,
,,,5.74593631E3,-50.94850159,
,,,5.75826639E3,-53.74850082,
,,,5.77059695E3,-72.548500061,
,,,5.78292703E3,-56.948501587,
,,,5.79525760E3,-49.34850311,
,,,5.80758768E3,-48.54850006,
,,,5.81991825E3,-48.14850235,
,,,5.83224881E3,-52.94850159,
,,,5.84457889E3,-68.548500061,
,,,5.85690946E3,-57.348503113,
,,,5.86923954E3,-53.74850082,
,,,5.88157010E3,-53.74850082,
,,,5.89390018E3,-54.54850006,
,,,5.90623075E3,-65.348503113,
,,,5.91856083E3,-51.74850082,
,,,5.93089139E3,-40.54850006,
,,,5.94322147E3,-38.54850006,
,,,5.95555204E3,-38.54850006,
,,,5.96788212E3,-41.74850082,
,,,5.98021269E3,-58.148502350,
,,,5.99254277E3,-59.348503113,
,,,6.00487333E3,-53.74850082,
,,,6.01720341E3,-53.34850311,
,,,6.02953398E3,-52.94850159,
,,,6.04186406E3,-60.148502350,
,,,6.05419462E3,-72.548500061,
,,,6.06652470E3,-55.348503113,
,,,6.07885527E3,-51.74850082,
,,,6.09118584E3,-52.54850006,
,,,6.10351591E3,-54.14850235,
,,,6.11584648E3,-64.148498535,
,,,6.12817656E3,-57.748500824,
,,,6.14050713E3,-46.94850159,
,,,6.15283721E3,-45.74850082,
,,,6.16516777E3,-45.34850311,
,,,6.17749785E3,-48.94850159,
,,,6.18982842E3,-69.348503113,
,,,6.20215850E3,-61.348503113,
,,,6.21448906E3,-54.54850006,
,,,6.22681914E3,-53.74850082,
,,,6.23914971E3,-53.74850082,
,,,6.25147979E3,-60.948501587,
,,,6.26381036E3,-65.348503113,
,,,6.27614043E3,-46.94850159,
,,,6.28847100E3,-43.74850082,
,,,6.30080108E3,-43.74850082,
,,,6.31313165E3,-45.74850082,
,,,6.32546221E3,-58.148502350,
,,,6.33779229E3,-61.348503113,
,,,6.35012286E3,-53.74850082,
,,,6.36245294E3,-51.74850082,
,,,6.37478351E3,-52.54850006,
,,,6.38711358E3,-56.148502350,
,,,6.39944415E3,-69.348503113,
,,,6.41177423E3,-59.348503113,
,,,6.42410480E3,-52.94850159,
,,,6.43643488E3,-52.54850006,
,,,6.44876544E3,-54.14850235,
,,,6.46109552E3,-62.948501587,
,,,6.47342609E3,-57.348503113,
,,,6.48575617E3,-44.14850235,
,,,6.49808673E3,-41.34850311,
,,,6.51041681E3,-41.34850311,
,,,6.52274738E3,-43.74850082,
,,,6.53507746E3,-57.348503113,
,,,6.54740803E3,-64.148498535,
,,,6.55973859E3,-54.54850006,
,,,6.57206867E3,-53.74850082,
,,,6.58439924E3,-53.74850082,
,,,6.59672932E3,-58.548500061,
,,,6.60905988E3,-72.548500061,
,,,6.62138996E3,-52.14850235,
,,,6.63372053E3,-47.34850311,
,,,6.64605061E3,-46.94850159,
,,,6.65838118E3,-47.74850082,
,,,6.67071125E3,-56.948501587,
,,,6.68304182E3,-66.548500061,
,,,6.69537190E3,-53.34850311,
,,,6.70770247E3,-51.74850082,
,,,6.72003255E3,-51.74850082,
,,,6.73236311E3,-54.14850235,
,,,6.74469319E3,-69.348503113,
,,,6.75702376E3,-62.948501587,
,,,6.76935384E3,-54.14850235,
,,,6.78168440E3,-52.54850006,
,,,6.79401448E3,-52.94850159,
,,,6.80634505E3,-57.748500824,
,,,6.81867562E3,-58.548500061,
,,,6.83100570E3,-38.54850006,
,,,6.84333626E3,-34.14850235,
,,,6.85566634E3,-34.14850235,
,,,6.86799691E3,-35.34850311,
,,,6.88032699E3,-44.94850159,
,,,6.89265755E3,-68.548500061,
,,,6.90498763E3,-54.948501587,
,,,6.91731820E3,-54.54850006,
,,,6.92964828E3,-52.94850159,
,,,6.94197885E3,-57.348503113,
,,,6.95430892E3,-72.548500061,
,,,6.96663949E3,-56.948501587,
,,,6.97896957E3,-48.94850159,
,,,6.99130014E3,-48.54850006,
,,,7.00363022E3,-48.94850159,
,,,7.01596078E3,-54.948501587,
,,,7.02829086E3,-74.948501587,
,,,7.04062143E3,-54.14850235,
,,,7.05295200E3,-50.54850006,
,,,7.06528207E3,-49.74850082,
,,,7.07761264E3,-51.34850311,
,,,7.08994272E3,-64.148498535,
,,,7.10227329E3,-64.148498535,
,,,7.11460337E3,-54.54850006,
,,,7.12693393E3,-52.94850159,
,,,7.13926401E3,-52.94850159,
,,,7.15159458E3,-56.948501587,
,,,7.16392466E3,-63.348503113,
,,,7.17625522E3,-32.14850235,
,,,7.18858530E3,-26.54850197,
,,,7.20091587E3,-26.14850235,
,,,7.21324595E3,-26.54850197,
,,,7.22557652E3,-34.14850235,
,,,7.23790659E3,-62.548503876,
,,,7.25023716E3,-57.348503113,
,,,7.26256724E3,-53.74850082,
,,,7.27489781E3,-52.94850159,
,,,7.28722837E3,-55.348503113,
,,,7.29955845E3,-69.348503113,
,,,7.31188902E3,-60.948501587,
,,,7.32421910E3,-50.94850159,
,,,7.33654966E3,-49.74850082,
,,,7.34887974E3,-50.54850006,
,,,7.36121031E3,-54.54850006,
,,,7.37354039E3,-68.548500061,
,,,7.38587096E3,-53.34850311,
,,,7.398201035E3,-47.74850082,
,,,7.410531602E3,-47.74850082,
,,,7.422861681E3,-48.14850235,
,,,7.435192248E3,-55.748500824,
,,,7.447522326E3,-74.948501587,
,,,7.459852893E3,-56.548500061,
,,,7.472182972E3,-53.74850082,
,,,7.484513539E3,-54.14850235,
,,,7.496843618E3,-55.748500824,
,,,7.509174185E3,-74.948501587,
,,,7.521504264E3,-48.14850235,
,,,7.533834830E3,-39.74850082,
,,,7.546165397E3,-38.94850159,
,,,7.558495476E3,-39.34850311,
,,,7.570826043E3,-44.54850006,
,,,7.583156122E3,-66.548500061,
,,,7.595486689E3,-56.148502350,
,,,7.607816768E3,-52.94850159,
,,,7.620147335E3,-52.54850006,
,,,7.632477413E3,-53.74850082,
,,,7.644807980E3,-63.348503113,
,,,7.657138059E3,-62.948501587,
,,,7.669468626E3,-53.34850311,
,,,7.681798705E3,-51.74850082,
,,,7.694129272E3,-51.74850082,
,,,7.706459350E3,-54.54850006,
,,,7.718789917E3,-69.348503113,
,,,7.731119996E3,-52.94850159,
,,,7.743450563E3,-45.74850082,
,,,7.755780642E3,-45.34850311,
,,,7.768111209E3,-45.34850311,
,,,7.780441776E3,-51.34850311,
,,,7.792771855E3,-72.548500061,
,,,7.805102422E3,-58.948501587,
,,,7.817432500E3,-53.74850082,
,,,7.829763067E3,-53.74850082,
,,,7.842093146E3,-55.348503113,
,,,7.854423713E3,-62.948501587,
,,,7.866753792E3,-56.148502350,
,,,7.879084359E3,-45.34850311,
,,,7.891414437E3,-43.74850082,
,,,7.903745004E3,-43.74850082,
,,,7.916075083E3,-47.34850311,
,,,7.928405650E3,-65.748504639,
,,,7.940735729E3,-57.748500824,
,,,7.953066296E3,-52.14850235,
,,,7.965396374E3,-51.74850082,
,,,7.977726941E3,-52.14850235,
,,,7.990057020E3,-58.548500061,
,,,8.002387587E3,-68.548500061,
,,,8.014718154E3,-56.548500061,
,,,8.027048233E3,-52.94850159,
,,,8.039378800E3,-52.94850159,
,,,8.051708879E3,-54.14850235,
,,,8.064039446E3,-62.948501587,
,,,8.076369524E3,-51.74850082,
,,,8.088700091E3,-42.54850006,
,,,8.101030170E3,-40.94850159,
,,,8.113360737E3,-41.34850311,
,,,8.125690816E3,-45.34850311,
,,,8.138021383E3,-66.548500061,
,,,8.150351461E3,-60.148502350,
,,,8.162682028E3,-54.14850235,
,,,8.175012107E3,-54.14850235,
,,,8.187342674E3,-54.54850006,
,,,8.199673241E3,-62.948501587,
,,,8.212003320E3,-63.348503113,
,,,8.224333398E3,-49.34850311,
,,,8.236663477E3,-46.94850159,
,,,8.248994532E3,-46.94850159,
,,,8.261324611E3,-49.34850311,
,,,8.273654690E3,-63.348503113,
,,,8.285985745E3,-58.148502350,
,,,8.298315824E3,-51.34850311,
,,,8.310645903E3,-50.54850006,
,,,8.322975981E3,-50.94850159,
,,,8.335307037E3,-54.948501587,
,,,8.347637115E3,-66.548500061,
,,,8.359967194E3,-60.548500061,
,,,8.372297273E3,-54.14850235,
,,,8.384628328E3,-53.74850082,
,,,8.396958407E3,-54.948501587,
,,,8.409288485E3,-58.548500061,
,,,8.421618564E3,-48.94850159,
,,,8.433949619E3,-35.74850082,
,,,8.446279698E3,-33.34850311,
,,,8.458609777E3,-33.34850311,
,,,8.470939855E3,-36.14850235,
,,,8.483270911E3,-50.54850006,
,,,8.495600989E3,-62.548503876,
,,,8.507931068E3,-54.54850006,
,,,8.520262123E3,-54.948501587,
,,,8.532592202E3,-54.14850235,
,,,8.544922281E3,-61.348503113,
,,,8.557252360E3,-74.948501587,
,,,8.569583415E3,-54.54850006,
,,,8.581913494E3,-49.34850311,
,,,8.594243572E3,-48.94850159,
,,,8.606573651E3,-50.14850235,
,,,8.618904706E3,-59.748500824,
,,,8.631234785E3,-61.348503113,
,,,8.643564864E3,-51.74850082,
,,,8.655894942E3,-49.34850311,
,,,8.668225998E3,-49.34850311,
,,,8.680556076E3,-52.14850235,
,,,8.692886155E3,-64.148498535,
,,,8.705216234E3,-62.548503876,
,,,8.717547289E3,-53.74850082,
,,,8.729877368E3,-53.74850082,
,,,8.742207446E3,-54.14850235,
,,,8.754538502E3,-61.348503113,
,,,8.766868580E3,-50.54850006,
,,,8.779198659E3,-31.74850082,
,,,8.791528738E3,-27.74850082,
,,,8.803859793E3,-27.74850082,
,,,8.816189872E3,-29.34850121,
,,,8.828519951E3,-39.74850082,
,,,8.840850029E3,-57.748500824,
,,,8.853181085E3,-56.548500061,
,,,8.865511163E3,-53.74850082,
,,,8.877841242E3,-53.74850082,
,,,8.890171321E3,-58.548500061,
,,,8.902502376E3,-74.948501587,
,,,8.914832455E3,-57.348503113,
,,,8.927162533E3,-50.94850159,
,,,8.939492612E3,-50.14850235,
,,,8.951823667E3,-50.94850159,
,,,8.964153746E3,-58.548500061,
,,,8.976483825E3,-64.148498535,
,,,8.988814880E3,-50.94850159,
,,,9.001144959E3,-47.74850082,
,,,9.013475037E3,-47.74850082,
,,,9.025805116E3,-49.34850311,
,,,9.038136171E3,-61.348503113,
,,,9.050466250E3,-62.548503876,
,,,9.062796329E3,-54.948501587,
,,,9.075126408E3,-53.74850082,
,,,9.087457463E3,-53.74850082,
,,,9.099787542E3,-57.748500824,
,,,9.112117620E3,-69.348503113,
,,,9.124447699E3,-45.74850082,
,,,9.136778754E3,-39.74850082,
,,,9.149108833E3,-39.34850311,
,,,9.161438912E3,-40.14850235,
,,,9.173768990E3,-47.74850082,
,,,9.186100046E3,-65.748504639,
,,,9.198430124E3,-56.148502350,
,,,9.210760203E3,-53.74850082,
,,,9.223090282E3,-52.94850159,
,,,9.235421337E3,-56.148502350,
,,,9.247751416E3,-68.548500061,
,,,9.260081495E3,-59.748500824,
,,,9.272412550E3,-51.74850082,
,,,9.284742629E3,-51.34850311,
,,,9.297072707E3,-51.74850082,
,,,9.309402786E3,-56.148502350,
,,,9.321733841E3,-74.948501587,
,,,9.334063920E3,-50.54850006,
,,,9.346393999E3,-45.34850311,
,,,9.358724077E3,-44.94850159,
,,,9.371055133E3,-46.14850235,
,,,9.383385211E3,-54.54850006,
,,,9.395715290E3,-68.548500061,
,,,9.408045369E3,-56.148502350,
,,,9.420376424E3,-53.34850311,
,,,9.432706503E3,-53.34850311,
,,,9.445036581E3,-54.948501587,
,,,9.457366660E3,-68.548500061,
,,,9.469697715E3,-52.54850006,
,,,9.482027794E3,-44.94850159,
,,,9.494357873E3,-44.14850235,
,,,9.506688928E3,-44.14850235,
,,,9.519019007E3,-49.34850311,
,,,9.531349086E3,-72.548500061,
,,,9.543679164E3,-55.348503113,
,,,9.556010220E3,-51.74850082,
,,,9.568340298E3,-51.74850082,
,,,9.580670377E3,-52.94850159,
,,,9.593000456E3,-61.348503113,
,,,9.605331511E3,-68.548500061,
,,,9.617661590E3,-54.948501587,
,,,9.629991668E3,-52.94850159,
,,,9.642321747E3,-53.74850082,
,,,9.654652802E3,-56.948501587,
,,,9.666982881E3,-74.948501587,
,,,9.679312960E3,-48.54850006,
,,,9.691643038E3,-41.74850082,
,,,9.703974094E3,-40.94850159,
,,,9.716304172E3,-41.34850311,
,,,9.728634251E3,-47.34850311,
,,,9.740965306E3,-74.948501587,
,,,9.753295385E3,-58.148502350,
,,,9.765625464E3,-54.948501587,
,,,9.777955543E3,-54.948501587,
,,,9.790286598E3,-55.348503113,
,,,9.802616677E3,-65.348503113,
,,,9.814946755E3,-59.348503113,
,,,9.827276834E3,-48.94850159,
,,,9.839607889E3,-46.94850159,
,,,9.851937968E3,-47.34850311,
,,,9.864268047E3,-51.34850311,
,,,9.876598125E3,-69.348503113,
,,,9.888929181E3,-56.148502350,
,,,9.901259259E3,-50.94850159,
,,,9.913589338E3,-50.14850235,
,,,9.925919417E3,-50.94850159,
,,,9.938250472E3,-56.148502350,
,,,9.950580551E3,-68.548500061,
,,,9.962910629E3,-56.948501587,
,,,9.975241685E3,-54.14850235,
,,,9.987571763E3,-54.14850235,
,,,9.999901842E3,-56.548500061,
,,,10.0122319E3,-65.748504639,
,,,10.0245630E3,-42.94850159,
,,,10.0368931E3,-33.74850082,
,,,10.0492231E3,-32.54850006,
,,,10.0615532E3,-32.54850006,
,,,10.0738843E3,-36.94850159,
,,,10.0862143E3,-56.548500061,
,,,10.0985444E3,-58.948501587,
,,,10.1108745E3,-54.14850235,
,,,10.1232056E3,-53.74850082,
,,,10.1355356E3,-54.14850235,
,,,10.1478657E3,-64.148498535,
,,,10.1601958E3,-65.348503113,
,,,10.1725269E3,-51.74850082,
,,,10.1848569E3,-48.94850159,
,,,10.1971870E3,-48.94850159,
,,,10.2095181E3,-51.34850311,
,,,10.2218481E3,-64.148498535,
,,,10.2341782E3,-57.348503113,
,,,10.2465083E3,-50.14850235,
,,,10.2588394E3,-49.34850311,
,,,10.2711694E3,-49.74850082,
,,,10.2834995E3,-53.74850082,
,,,10.2958296E3,-74.948501587,
,,,10.3081606E3,-58.948501587,
,,,10.3204907E3,-53.34850311,
,,,10.3328208E3,-54.14850235,
,,,10.3451509E3,-54.54850006,
,,,10.3574819E3,-61.348503113,
,,,10.3698120E3,-44.14850235,
,,,10.3821421E3,-31.34850121,
,,,10.3944722E3,-29.34850121,
,,,10.4068032E3,-29.34850121,
,,,10.4191333E3,-32.14850235,
,,,10.4314634E3,-46.54850006,
,,,10.4437944E3,-57.348503113,
,,,10.4561245E3,-53.74850082,
,,,10.4684546E3,-53.34850311,
,,,10.4807847E3,-53.74850082,
,,,10.4931157E3,-60.148502350,
,,,10.5054458E3,-69.348503113,
,,,10.5177759E3,-54.948501587,
,,,10.5301060E3,-51.74850082,
,,,10.5424370E3,-50.94850159,
,,,10.5547671E3,-52.14850235,
,,,10.5670972E3,-60.948501587,
,,,10.5794273E3,-61.348503113,
,,,10.5917583E3,-49.74850082,
,,,10.6040884E3,-47.74850082,
,,,10.6164185E3,-47.74850082,
,,,10.6287486E3,-50.94850159,
,,,10.6410796E3,-65.748504639,
,,,10.6534097E3,-62.548503876,
,,,10.6657398E3,-54.948501587,
,,,10.6780698E3,-53.34850311,
,,,10.6904009E3,-53.74850082,
,,,10.7027310E3,-60.948501587,
,,,10.7150611E3,-61.348503113,
,,,10.7273921E3,-43.74850082,
,,,10.7397222E3,-39.74850082,
,,,10.7520523E3,-39.74850082,
,,,10.7643823E3,-41.34850311,
,,,10.7767134E3,-51.34850311,
,,,10.7890435E3,-64.148498535,
,,,10.8013736E3,-54.14850235,
,,,10.8137036E3,-52.94850159,
,,,10.8260347E3,-52.54850006,
,,,10.8383648E3,-56.548500061,
,,,10.8506949E3,-68.548500061,
,,,10.8630249E3,-59.748500824,
,,,10.8753560E3,-52.54850006,
,,,10.8876861E3,-51.74850082,
,,,10.9000161E3,-52.14850235,
,,,10.9123462E3,-58.148502350,
,,,10.9246773E3,-65.748504639,
,,,10.9370074E3,-48.14850235,
,,,10.9493374E3,-44.94850159,
,,,10.9616685E3,-44.54850006,
,,,10.9739986E3,-46.54850006,
,,,10.9863286E3,-58.548500061,
,,,10.9986587E3,-61.348503113,
,,,11.0109898E3,-54.14850235,
,,,11.0233199E3,-53.34850311,
,,,11.0356499E3,-54.14850235,
,,,11.0479800E3,-58.148502350,
,,,11.0603111E3,-72.548500061,
,,,11.0726412E3,-50.14850235,
,,,11.0849712E3,-44.94850159,
,,,11.0973013E3,-44.54850006,
,,,11.1096324E3,-45.34850311,
,,,11.1219624E3,-52.94850159,
,,,11.1342925E3,-69.348503113,
,,,11.1466226E3,-54.14850235,
,,,11.1589537E3,-51.74850082,
,,,11.1712837E3,-51.34850311,
,,,11.1836138E3,-53.74850082,
,,,11.1959449E3,-65.348503113,
,,,11.2082749E3,-63.348503113,
,,,11.2206050E3,-53.74850082,
,,,11.2329351E3,-51.74850082,
,,,11.2452662E3,-52.54850006,
,,,11.2575962E3,-56.948501587,
,,,11.2699263E3,-69.348503113,
,,,11.2822564E3,-45.74850082,
,,,11.2945875E3,-40.94850159,
,,,11.3069175E3,-40.94850159,
,,,11.3192476E3,-41.74850082,
,,,11.3315777E3,-50.54850006,
,,,11.3439087E3,-74.948501587,
,,,11.3562388E3,-57.348503113,
,,,11.3685689E3,-54.54850006,
,,,11.3808990E3,-53.74850082,
,,,11.3932300E3,-56.548500061,
,,,11.4055601E3,-72.548500061,
,,,11.4178902E3,-56.148502350,
,,,11.4302212E3,-48.54850006,
,,,11.4425513E3,-47.74850082,
,,,11.4548814E3,-47.74850082,
,,,11.4672115E3,-53.34850311,
,,,11.4795425E3,-74.948501587,
,,,11.4918726E3,-54.948501587,
,,,11.5042027E3,-50.54850006,
,,,11.5165328E3,-50.54850006,
,,,11.5288638E3,-51.34850311,
,,,11.5411939E3,-60.948501587,
,,,11.5535240E3,-65.748504639,
,,,11.5658541E3,-54.54850006,
,,,11.5781851E3,-52.94850159,
,,,11.5905152E3,-53.74850082,
,,,11.6028453E3,-56.948501587,
,,,11.6151754E3,-72.548500061,
,,,11.6275064E3,-38.94850159,
,,,11.6398365E3,-32.14850235,
,,,11.6521666E3,-31.34850121,
,,,11.6644976E3,-31.74850082,
,,,11.6768277E3,-38.54850006,
,,,11.6891578E3,-74.948501587,
,,,11.7014879E3,-57.748500824,
,,,11.7138189E3,-52.94850159,
,,,11.7261490E3,-52.54850006,
,,,11.7384791E3,-54.14850235,
,,,11.7508092E3,-62.948501587,
,,,11.7631402E3,-59.348503113,
,,,11.7754703E3,-50.14850235,
,,,11.7878004E3,-48.94850159,
,,,11.8001304E3,-49.34850311,
,,,11.8124615E3,-52.94850159,
,,,11.8247916E3,-68.548500061,
,,,11.8371217E3,-55.348503113,
,,,11.8494517E3,-49.34850311,
,,,11.8617828E3,-48.94850159,
,,,11.8741129E3,-49.74850082,
,,,11.8864429E3,-56.948501587,
,,,11.8987740E3,-74.948501587,
,,,11.9111041E3,-57.348503113,
,,,11.9234342E3,-53.74850082,
,,,11.9357642E3,-53.74850082,
,,,11.9480953E3,-55.348503113,
,,,11.9604254E3,-62.548503876,
,,,11.9727555E3,-40.94850159,
,,,11.9850855E3,-31.74850082,
,,,11.9974166E3,-30.54850197,
,,,12.0097467E3,-30.54850197,
,,,12.0220767E3,-34.94850159,
,,,12.0344068E3,-56.948501587,
,,,12.0467379E3,-56.148502350,
,,,12.0590680E3,-52.94850159,
,,,12.0713980E3,-52.94850159,
,,,12.0837281E3,-53.34850311,
,,,12.0960592E3,-61.348503113,
,,,12.1083892E3,-64.148498535,
,,,12.1207193E3,-52.94850159,
,,,12.1330494E3,-50.54850006,
,,,12.1453805E3,-50.54850006,
,,,12.1577105E3,-53.34850311,
,,,12.1700406E3,-66.548500061,
,,,12.1823717E3,-56.948501587,
,,,12.1947018E3,-47.74850082,
,,,12.2070318E3,-47.34850311,
,,,12.2193619E3,-47.74850082,
,,,12.2316930E3,-52.54850006,
,,,12.2440230E3,-74.948501587,
,,,12.2563531E3,-59.748500824,
,,,12.2686832E3,-54.54850006,
,,,12.2810143E3,-54.54850006,
,,,12.2933443E3,-55.348503113,
,,,12.3056744E3,-62.948501587,
,,,12.3180045E3,-54.54850006,
,,,12.3303355E3,-42.54850006,
,,,12.3426656E3,-40.14850235,
,,,12.3549957E3,-40.14850235,
,,,12.3673258E3,-42.94850159,
,,,12.3796568E3,-58.148502350,
,,,12.3919869E3,-60.148502350,
,,,12.4043170E3,-53.34850311,
,,,12.4166481E3,-52.54850006,
,,,12.4289781E3,-52.94850159,
,,,12.4413082E3,-59.348503113,
,,,12.4536383E3,-72.548500061,
,,,12.4659693E3,-55.348503113,
,,,12.4782994E3,-52.54850006,
,,,12.4906295E3,-51.34850311,
,,,12.5029596E3,-53.34850311,
,,,12.5152906E3,-62.948501587,
,,,12.5276207E3,-58.148502350,
,,,12.5399508E3,-46.54850006,
,,,12.5522809E3,-44.94850159,
,,,12.5646119E3,-44.54850006,
,,,12.5769420E3,-47.74850082,
,,,12.5892721E3,-64.148498535,
,,,12.6016022E3,-59.748500824,
,,,12.6139332E3,-54.54850006,
