Record Length,1024,Points,0.0,610.300064087E-3,
Sample Interval,1.2330334,Hz,1.2330334,3.01030016,
Trigger Point,0.0,Samples,2.4660668,-3.78970003,
,,,3.69910026,-66.989700317,
,,,4.93213367,-64.589698792,
,,,6.16516685,-66.989700317,
Source,MATH,,7.398200512,-60.589702606,
Vertical Units,dB,,8.631234169,-64.589698792,
Vertical Scale,10.0000001,,9.864267349,-61.389701843,
Vertical Offset,-26,9897,,11.0973005,-66.989700317,
Horizontal Units,Hz,,12.3303337,-66.989700317,
Horizontal Scale,126.2626221,,13.5633678,-66.989700317,
Pt Fmt,Y,,14.7964010,-60.589702606,
Yzero,0.0,,16.0294342,-60.589702606,
,,,17.2624683,-60.589702606,
,,,18.4955006,-64.589698792,
Note,TDS 2012B - 01:19:55 p. m.   30/07/2026,,19.7285347,-66.989700317,
,,,20.96156883,-66.989700317,
,,,22.19460106,-66.989700317,
,,,23.42763519,-64.589698792,
,,,24.66066742,-64.589698792,
,,,25.89370155,-64.589698792,
,,,27.12673569,-66.989700317,
,,,28.35976791,-66.989700317,
,,,29.59280205,-66.989700317,
,,,30.82583618,-66.989700317,
,,,32.05886841,-66.989700317,
,,,33.29190063,-60.589702606,
,,,34.52493668,-64.589698792,
,,,35.75796890,-64.589698792,
,,,36.99100113,-66.989700317,
,,,38.22403717,-66.989700317,
,,,39.45706940,-66.989700317,
,,,40.69010162,-66.989700317,
,,,41.92313766,-64.589698792,
,,,43.15616989,-66.989700317,
,,,44.38920212,-66.989700317,
,,,45.62223816,-60.589702606,
,,,46.85527039,-56.189701080,
,,,48.08830261,-55.389701843,
,,,49.32133484,-57.389701843,
,,,50.55437088,-60.589702606,
,,,51.78740311,-64.589698792,
,,,53.02043533,-66.989700317,
,,,54.25347137,-66.989700317,
,,,55.486503601,-64.589698792,
,,,56.719535828,-64.589698792,
,,,57.952571869,-60.589702606,
,,,59.185604095,-60.589702606,
,,,60.418636322,-64.589698792,
,,,61.651672363,-66.989700317,
,,,62.884704590,-64.589698792,
,,,64.117736816,-64.589698792,
,,,65.350769043,-64.589698792,
,,,66.583801270,-66.989700317,
,,,67.816841125,-64.589698792,
,,,69.049873352,-66.989700317,
,,,70.282905579,-60.589702606,
,,,71.515937805,-60.589702606,
,,,72.748970032,-64.589698792,
,,,73.982002258,-64.589698792,
,,,75.215042114,-61.389701843,
,,,76.448074341,-66.989700317,
,,,77.681106567,-66.989700317,
,,,78.914138794,-66.989700317,
,,,80.147171021,-66.989700317,
,,,81.380203247,-66.989700317,
,,,82.613235474,-61.389701843,
,,,83.846275330,-61.389701843,
,,,85.079307556,-66.989700317,
,,,86.312339783,-66.989700317,
,,,87.545372009,-64.589698792,
,,,88.778404236,-66.989700317,
,,,90.011436462,-66.989700317,
,,,91.244476318,-66.989700317,
,,,92.477508545,-66.989700317,
,,,93.710540771,-64.589698792,
,,,94.943572998,-66.989700317,
,,,96.176605225,-66.989700317,
,,,97.409637451,-64.589698792,
,,,98.642669678,-61.389701843,
,,,99.875709534,-66.989700317,
,,,101.1087418,-66.989700317,
,,,102.3417740,-64.589698792,
,,,103.5748062,-64.589698792,
,,,104.8078384,-64.589698792,
,,,106.0408707,-66.989700317,
,,,107.2739105,-66.989700317,
,,,108.5069427,-64.589698792,
,,,109.7399750,-61.389701843,
,,,110.9730072,-61.389701843,
,,,112.2060394,-64.589698792,
,,,113.4390717,-66.989700317,
,,,114.6721115,-64.589698792,
,,,115.9051437,-64.589698792,
,,,117.1381760,-66.989700317,
,,,118.3712082,-66.989700317,
,,,119.6042404,-66.989700317,
,,,120.8372726,-60.589702606,
,,,122.0703049,-66.989700317,
,,,123.3033447,-66.989700317,
,,,124.5363770,-58.589702606,
,,,125.7694092,-60.589702606,
,,,127.0024414,-61.389701843,
,,,128.2354736,-64.589698792,
,,,129.4685059,-64.589698792,
,,,130.7015381,-66.989700317,
,,,131.9345703,-61.389701843,
,,,133.1676025,-57.789699554,
,,,134.4006500,-60.589702606,
,,,135.6336823,-60.589702606,
,,,136.8667145,-61.389701843,
,,,138.0997467,-64.589698792,
,,,139.3327789,-66.989700317,
,,,140.5658112,-66.989700317,
,,,141.7988434,-64.589698792,
,,,143.0318756,-64.589698792,
,,,144.2649078,-66.989700317,
,,,145.4979401,-66.989700317,
,,,146.7309723,-66.989700317,
,,,147.9640045,-66.989700317,
,,,149.19703674,-66.989700317,
,,,150.43008423,-66.989700317,
,,,151.66311646,-60.589702606,
,,,152.89614868,-60.589702606,
,,,154.12918091,-60.589702606,
,,,155.36221313,-60.589702606,
,,,156.59524536,-64.589698792,
,,,157.82827759,-64.589698792,
,,,159.06130981,-64.589698792,
,,,160.29434204,-64.589698792,
,,,161.52737427,-64.589698792,
,,,162.76040649,-66.989700317,
,,,163.99343872,-66.989700317,
,,,165.22647095,-60.589702606,
,,,166.45951843,-66.989700317,
,,,167.69255066,-60.589702606,
,,,168.92558289,-58.589702606,
,,,170.15861511,-66.989700317,
,,,171.39164734,-61.389701843,
,,,172.62467957,-61.389701843,
,,,173.85771179,-64.589698792,
,,,175.09074402,-60.589702606,
,,,176.32377625,-60.589702606,
,,,177.55680847,-66.989700317,
,,,178.78984070,-60.589702606,
,,,180.02287292,-60.589702606,
,,,181.25590515,-60.589702606,
,,,182.48895264,-66.989700317,
,,,183.72198486,-66.989700317,
,,,184.95501709,-66.989700317,
,,,186.18804932,-66.989700317,
,,,187.42108154,-66.989700317,
,,,188.65411377,-64.589698792,
,,,189.88714600,-66.989700317,
,,,191.12017822,-66.989700317,
,,,192.35321045,-66.989700317,
,,,193.58624268,-66.989700317,
,,,194.81927490,-66.989700317,
,,,196.05230713,-66.989700317,
,,,197.28533936,-66.989700317,
,,,198.51838684,-66.989700317,
,,,199.75141907,-64.589698792,
,,,200.98445129,-66.989700317,
,,,202.21748352,-64.589698792,
,,,203.45051575,-64.589698792,
,,,204.68354797,-66.989700317,
,,,205.91658020,-58.589702606,
,,,207.14961243,-57.389701843,
,,,208.38264465,-61.389701843,
,,,209.61567688,-61.389701843,
,,,210.84870911,-64.589698792,
,,,212.08174133,-64.589698792,
,,,213.31478882,-66.989700317,
,,,214.54782104,-66.989700317,
,,,215.78085327,-66.989700317,
,,,217.01388550,-66.989700317,
,,,218.24691772,-64.589698792,
,,,219.47994995,-66.989700317,
,,,220.71298218,-66.989700317,
,,,221.94601440,-66.989700317,
,,,223.17904663,-66.989700317,
,,,224.41207886,-66.989700317,
,,,225.64511108,-66.989700317,
,,,226.87814331,-64.589698792,
,,,228.11117554,-64.589698792,
,,,229.34422302,-64.589698792,
,,,230.57725525,-66.989700317,
,,,231.81028748,-64.589698792,
,,,233.04331970,-66.989700317,
,,,234.27635193,-66.989700317,
,,,235.50938416,-64.589698792,
,,,236.74241638,-66.989700317,
,,,237.97544861,-66.989700317,
,,,239.20848083,-64.589698792,
,,,240.44151306,-60.589702606,
,,,241.67454529,-60.589702606,
,,,242.90757751,-61.389701843,
,,,244.14060974,-60.589702606,
,,,245.37365723,-60.589702606,
,,,246.60668945,-60.589702606,
,,,247.83972168,-60.589702606,
,,,249.07275391,-60.589702606,
,,,250.30578613,-64.589698792,
,,,251.53881836,-64.589698792,
,,,252.77185059,-64.589698792,
,,,254.00488281,-66.989700317,
,,,255.23791504,-66.989700317,
,,,256.47094727,-64.589698792,
,,,257.70397949,-66.989700317,
,,,258.93701172,-66.989700317,
,,,260.17004395,-66.989700317,
,,,261.40307617,-66.989700317,
,,,262.63610840,-66.989700317,
,,,263.86914063,-66.989700317,
,,,265.10217285,-64.589698792,
,,,266.33520508,-66.989700317,
,,,267.56823730,-66.989700317,
,,,268.80130005,-66.989700317,
,,,270.03433228,-66.989700317,
,,,271.26736450,-64.589698792,
,,,272.50039673,-66.989700317,
,,,273.73342896,-66.989700317,
,,,274.96646118,-64.589698792,
,,,276.19949341,-66.989700317,
,,,277.43252563,-66.989700317,
,,,278.66555786,-64.589698792,
,,,279.89859009,-66.989700317,
,,,281.13162231,-66.989700317,
,,,282.36465454,-64.589698792,
,,,283.59768677,-66.989700317,
,,,284.83071899,-66.989700317,
,,,286.06375122,-66.989700317,
,,,287.29678345,-66.989700317,
,,,288.52981567,-66.989700317,
,,,289.76284790,-66.989700317,
,,,290.99588013,-64.589698792,
,,,292.22891235,-64.589698792,
,,,293.46194458,-60.589702606,
,,,294.69497681,-60.589702606,
,,,295.92800903,-66.989700317,
,,,297.16104126,-66.989700317,
,,,298.39407349,-66.989700317,
,,,299.62710571,-66.989700317,
,,,300.86016846,-64.589698792,
,,,302.09320068,-61.389701843,
,,,303.32623291,-61.389701843,
,,,304.55926514,-61.389701843,
,,,305.79229736,-64.589698792,
,,,307.02532959,-64.589698792,
,,,308.25836182,-66.989700317,
,,,309.49139404,-66.989700317,
,,,310.72442627,-66.989700317,
,,,311.95745850,-64.589698792,
,,,313.19049072,-60.589702606,
,,,314.42352295,-61.389701843,
,,,315.65655518,-61.389701843,
,,,316.88958740,-66.989700317,
,,,318.12261963,-66.989700317,
,,,319.35565186,-60.589702606,
,,,320.58868408,-66.989700317,
,,,321.82171631,-64.589698792,
,,,323.05474854,-66.989700317,
,,,324.28778076,-64.589698792,
,,,325.52081299,-66.989700317,
,,,326.75384521,-66.989700317,
,,,327.98687744,-66.989700317,
,,,329.21990967,-66.989700317,
,,,330.45294189,-64.589698792,
,,,331.68600464,-61.389701843,
,,,332.91903687,-60.589702606,
,,,334.15206909,-60.589702606,
,,,335.38510132,-60.589702606,
,,,336.61813354,-66.989700317,
,,,337.85116577,-66.989700317,
,,,339.08419800,-64.589698792,
,,,340.31723022,-64.589698792,
,,,341.55026245,-60.589702606,
,,,342.78329468,-61.389701843,
,,,344.01632690,-60.589702606,
,,,345.24935913,-64.589698792,
,,,346.48239136,-64.589698792,
,,,347.71542358,-66.989700317,
,,,348.94845581,-64.589698792,
,,,350.18148804,-64.589698792,
,,,351.41452026,-66.989700317,
,,,352.64755249,-61.389701843,
,,,353.88058472,-66.989700317,
,,,355.11361694,-66.989700317,
,,,356.34664917,-66.989700317,
,,,357.57968140,-64.589698792,
,,,358.81271362,-61.389701843,
,,,360.04574585,-64.589698792,
,,,361.27877808,-64.589698792,
,,,362.51181030,-60.589702606,
,,,363.74487305,-60.589702606,
,,,364.97790527,-60.589702606,
,,,366.21093750,-64.589698792,
,,,367.44396973,-66.989700317,
,,,368.67700195,-66.989700317,
,,,369.91003418,-61.389701843,
,,,371.14306641,-66.989700317,
,,,372.37609863,-66.989700317,
,,,373.60913086,-66.989700317,
,,,374.84216309,-61.389701843,
,,,376.07519531,-66.989700317,
,,,377.30822754,-60.589702606,
,,,378.54125977,-60.589702606,
,,,379.77429199,-60.589702606,
,,,381.00732422,-66.989700317,
,,,382.24035645,-64.589698792,
,,,383.47338867,-66.989700317,
,,,384.70642090,-66.989700317,
,,,385.93945313,-66.989700317,
,,,387.17248535,-66.989700317,
,,,388.40551758,-66.989700317,
,,,389.63854980,-66.989700317,
,,,390.87158203,-64.589698792,
,,,392.10461426,-64.589698792,
,,,393.33764648,-60.589702606,
,,,394.57067871,-58.589702606,
,,,395.80374146,-60.589702606,
,,,397.03677368,-66.989700317,
,,,398.26980591,-64.589698792,
,,,399.50283813,-66.989700317,
,,,400.73587036,-66.989700317,
,,,401.96890259,-66.989700317,
,,,403.20193481,-66.989700317,
,,,404.434967041,-66.989700317,
,,,405.667999268,-66.989700317,
,,,406.901031494,-61.389701843,
,,,408.134063721,-60.589702606,
,,,409.367095947,-64.589698792,
,,,410.600128174,-60.589702606,
,,,411.833160400,-58.589702606,
,,,413.066192627,-60.589702606,
,,,414.299224854,-66.989700317,
,,,415.532257080,-66.989700317,
,,,416.765289307,-66.989700317,
,,,417.998321533,-66.989700317,
,,,419.231353760,-66.989700317,
,,,420.464385986,-66.989700317,
,,,421.697418213,-64.589698792,
,,,422.930450439,-64.589698792,
,,,424.163482666,-64.589698792,
,,,425.396514893,-66.989700317,
,,,426.629577637,-66.989700317,
,,,427.862609863,-60.589702606,
,,,429.095642090,-61.389701843,
,,,430.328674316,-57.789699554,
,,,431.561706543,-61.389701843,
,,,432.794738770,-66.989700317,
,,,434.027770996,-66.989700317,
,,,435.260803223,-66.989700317,
,,,436.493835449,-66.989700317,
,,,437.726867676,-66.989700317,
,,,438.959899902,-66.989700317,
,,,440.192932129,-64.589698792,
,,,441.425964355,-64.589698792,
,,,442.658996582,-66.989700317,
,,,443.892028809,-66.989700317,
,,,445.125061035,-66.989700317,
,,,446.358093262,-66.989700317,
,,,447.591125488,-64.589698792,
,,,448.824157715,-66.989700317,
,,,450.057189941,-66.989700317,
,,,451.290222168,-66.989700317,
,,,452.523254395,-66.989700317,
,,,453.756286621,-64.589698792,
,,,454.989318848,-66.989700317,
,,,456.222351074,-64.589698792,
,,,457.455383301,-66.989700317,
,,,458.688446045,-66.989700317,
,,,459.921478271,-66.989700317,
,,,461.154510498,-66.989700317,
,,,462.387542725,-66.989700317,
,,,463.620574951,-64.589698792,
,,,464.853607178,-64.589698792,
,,,466.086639404,-66.989700317,
,,,467.319671631,-66.989700317,
,,,468.552703857,-66.989700317,
,,,469.785736084,-64.589698792,
,,,471.018768311,-58.589702606,
,,,472.251800537,-64.589698792,
,,,473.484832764,-66.989700317,
,,,474.717864990,-66.989700317,
,,,475.950897217,-60.589702606,
,,,477.183929443,-61.389701843,
,,,478.416961670,-66.989700317,
,,,479.649993896,-66.989700317,
,,,480.883026123,-66.989700317,
,,,482.116058350,-60.589702606,
,,,483.349090576,-64.589698792,
,,,484.582122803,-66.989700317,
,,,485.815155029,-66.989700317,
,,,487.048187256,-66.989700317,
,,,488.281219482,-66.989700317,
,,,489.514282227,-60.589702606,
,,,490.747314453,-64.589698792,
,,,491.980346680,-66.989700317,
,,,493.213378906,-66.989700317,
,,,494.446411133,-66.989700317,
,,,495.679443359,-66.989700317,
,,,496.912475586,-66.989700317,
,,,498.145507813,-64.589698792,
,,,499.378540039,-66.989700317,
,,,500.611572266,-66.989700317,
,,,501.844604492,-66.989700317,
,,,503.077636719,-66.989700317,
,,,504.310668945,-66.989700317,
,,,505.543701172,-66.989700317,
,,,506.776733398,-64.589698792,
,,,508.009765625,-64.589698792,
,,,509.242797852,-64.589698792,
,,,510.475830078,-66.989700317,
,,,511.708862305,-64.589698792,
,,,512.941894531,-60.589702606,
,,,514.174926758,-60.589702606,
,,,515.407958984,-64.589698792,
,,,516.640991211,-66.989700317,
,,,517.874023438,-64.589698792,
,,,519.107055664,-64.589698792,
,,,520.340087891,-64.589698792,
,,,521.573120117,-60.589702606,
,,,522.806152344,-64.589698792,
,,,524.039184570,-61.389701843,
,,,525.272216797,-60.589702606,
,,,526.505249023,-60.589702606,
,,,527.738281250,-60.589702606,
,,,528.971313477,-60.589702606,
,,,530.204345703,-66.989700317,
,,,531.437377930,-64.589698792,
,,,532.670410156,-60.589702606,
,,,533.903442383,-60.589702606,
,,,535.136474609,-60.589702606,
,,,536.369506836,-66.989700317,
,,,537.602600098,-64.589698792,
,,,538.835632324,-60.589702606,
,,,540.068664551,-64.589698792,
,,,541.301696777,-60.589702606,
,,,542.534729004,-66.989700317,
,,,543.767761230,-66.989700317,
,,,545.000793457,-66.989700317,
,,,546.233825684,-66.989700317,
,,,547.466857910,-66.989700317,
,,,548.699890137,-66.989700317,
,,,549.932922363,-61.389701843,
,,,551.165954590,-66.989700317,
,,,552.398986816,-64.589698792,
,,,553.632019043,-64.589698792,
,,,554.865051270,-66.989700317,
,,,556.098083496,-64.589698792,
,,,557.331115723,-60.589702606,
,,,558.564147949,-61.389701843,
,,,559.797180176,-61.389701843,
,,,561.030212402,-66.989700317,
,,,562.263244629,-66.989700317,
,,,563.496276855,-66.989700317,
,,,564.729309082,-66.989700317,
,,,565.962341309,-66.989700317,
,,,567.195373535,-66.989700317,
,,,568.428405762,-66.989700317,
,,,569.661437988,-66.989700317,
,,,570.894470215,-64.589698792,
,,,572.127502441,-64.589698792,
,,,573.360534668,-60.589702606,
,,,574.593566895,-66.989700317,
,,,575.826599121,-66.989700317,
,,,577.059631348,-66.989700317,
,,,578.292663574,-66.989700317,
,,,579.525695801,-64.589698792,
,,,580.758728027,-66.989700317,
,,,581.991760254,-66.989700317,
,,,583.224792480,-66.989700317,
,,,584.457824707,-66.989700317,
,,,585.690856934,-64.589698792,
,,,586.923889160,-66.989700317,
,,,588.156921387,-66.989700317,
,,,589.389953613,-64.589698792,
,,,590.622985840,-66.989700317,
,,,591.856018066,-66.989700317,
,,,593.089050293,-61.389701843,
,,,594.322082520,-66.989700317,
,,,595.555114746,-64.589698792,
,,,596.788146973,-60.589702606,
,,,598.021179199,-64.589698792,
,,,599.254211426,-64.589698792,
,,,600.487304688,-64.589698792,
,,,601.720336914,-66.989700317,
,,,602.953369141,-66.989700317,
,,,604.186401367,-66.989700317,
,,,605.419433594,-60.589702606,
,,,606.652465820,-60.589702606,
,,,607.885498047,-66.989700317,
,,,609.118530273,-66.989700317,
,,,610.351562500,-66.989700317,
,,,611.584594727,-66.989700317,
,,,612.817626953,-64.589698792,
,,,614.050659180,-66.989700317,
,,,615.283691406,-66.989700317,
,,,616.516723633,-66.989700317,
,,,617.749755859,-66.989700317,
,,,618.982788086,-66.989700317,
,,,620.215820313,-66.989700317,
,,,621.448852539,-66.989700317,
,,,622.681884766,-64.589698792,
,,,623.914916992,-66.989700317,
,,,625.147949219,-64.589698792,
,,,626.380981445,-66.989700317,
,,,627.614013672,-66.989700317,
,,,628.847045898,-64.589698792,
,,,630.080078125,-66.989700317,
,,,631.313110352,-66.989700317,
,,,632.546142578,-66.989700317,
,,,633.779174805,-66.989700317,
,,,635.012207031,-64.589698792,
,,,636.245239258,-66.989700317,
,,,637.478271484,-66.989700317,
,,,638.711303711,-66.989700317,
,,,639.944335938,-66.989700317,
,,,641.177368164,-66.989700317,
,,,642.410400391,-66.989700317,
,,,643.643432617,-60.589702606,
,,,644.876464844,-64.589698792,
,,,646.109497070,-66.989700317,
,,,647.342529297,-66.989700317,
,,,648.575561523,-66.989700317,
,,,649.808593750,-66.989700317,
,,,651.041625977,-61.389701843,
,,,652.274658203,-66.989700317,
,,,653.507690430,-66.989700317,
,,,654.740722656,-61.389701843,
,,,655.973754883,-61.389701843,
,,,657.206787109,-66.989700317,
,,,658.439819336,-66.989700317,
,,,659.672851563,-66.989700317,
,,,660.905883789,-66.989700317,
,,,662.138916016,-64.589698792,
,,,663.372009277,-66.989700317,
,,,664.605041504,-64.589698792,
,,,665.838073730,-66.989700317,
,,,667.071105957,-66.989700317,
,,,668.304138184,-66.989700317,
,,,669.537170410,-64.589698792,
,,,670.770202637,-64.589698792,
,,,672.003234863,-66.989700317,
,,,673.236267090,-66.989700317,
,,,674.469299316,-60.589702606,
,,,675.702331543,-61.389701843,
,,,676.935363770,-66.989700317,
,,,678.168395996,-60.589702606,
,,,679.401428223,-64.589698792,
,,,680.634460449,-66.989700317,
,,,681.867492676,-66.989700317,
,,,683.100524902,-61.389701843,
,,,684.333557129,-66.989700317,
,,,685.566589355,-61.389701843,
,,,686.799621582,-60.589702606,
,,,688.032653809,-66.989700317,
,,,689.265686035,-64.589698792,
,,,690.498718262,-66.989700317,
,,,691.731750488,-66.989700317,
,,,692.964782715,-66.989700317,
,,,694.197814941,-64.589698792,
,,,695.430847168,-64.589698792,
,,,696.663879395,-60.589702606,
,,,697.896911621,-60.589702606,
,,,699.129943848,-60.589702606,
,,,700.362976074,-57.389701843,
,,,701.596008301,-57.389701843,
,,,702.829040527,-61.389701843,
,,,704.062072754,-64.589698792,
,,,705.295104980,-64.589698792,
,,,706.528137207,-66.989700317,
,,,707.761169434,-57.789699554,
,,,708.994201660,-57.389701843,
,,,710.227233887,-60.589702606,
,,,711.460266113,-61.389701843,
,,,712.693298340,-64.589698792,
,,,713.926330566,-64.589698792,
,,,715.159362793,-64.589698792,
,,,716.392395020,-64.589698792,
,,,717.625427246,-64.589698792,
,,,718.858459473,-66.989700317,
,,,720.091491699,-64.589698792,
,,,721.324523926,-66.989700317,
,,,722.557556152,-64.589698792,
,,,723.790588379,-60.589702606,
,,,725.023620605,-58.589702606,
,,,726.256713867,-60.589702606,
,,,727.489746094,-64.589698792,
,,,728.722778320,-64.589698792,
,,,729.955810547,-60.589702606,
,,,731.188842773,-58.589702606,
,,,732.421875000,-58.589702606,
,,,733.654907227,-58.589702606,
,,,734.887939453,-61.389701843,
,,,736.120971680,-66.989700317,
,,,737.354003906,-66.989700317,
,,,738.587036133,-66.989700317,
,,,739.820068359,-66.989700317,
,,,741.053100586,-64.589698792,
,,,742.286132813,-64.589698792,
,,,743.519165039,-66.989700317,
,,,744.752197266,-66.989700317,
,,,745.985229492,-66.989700317,
,,,747.218261719,-64.589698792,
,,,748.451293945,-66.989700317,
,,,749.684326172,-66.989700317,
,,,750.917358398,-66.989700317,
,,,752.150390625,-66.989700317,
,,,753.383422852,-66.989700317,
,,,754.616455078,-66.989700317,
,,,755.849487305,-66.989700317,
,,,757.082519531,-64.589698792,
,,,758.315551758,-64.589698792,
,,,759.548583984,-64.589698792,
,,,760.781616211,-64.589698792,
,,,762.014648438,-66.989700317,
,,,763.247680664,-66.989700317,
,,,764.480712891,-66.989700317,
,,,765.713745117,-66.989700317,
,,,766.946777344,-61.389701843,
,,,768.179809570,-60.589702606,
,,,769.412841797,-60.589702606,
,,,770.645874023,-61.389701843,
,,,771.878906250,-66.989700317,
,,,773.111938477,-66.989700317,
,,,774.344970703,-66.989700317,
,,,775.578002930,-64.589698792,
,,,776.811035156,-66.989700317,
,,,778.044067383,-64.589698792,
,,,779.277099609,-66.989700317,
,,,780.510131836,-66.989700317,
,,,781.743164063,-66.989700317,
,,,782.976196289,-66.989700317,
,,,784.209228516,-66.989700317,
,,,785.442260742,-66.989700317,
,,,786.675292969,-66.989700317,
,,,787.908325195,-61.389701843,
,,,789.141357422,-60.589702606,
,,,790.374450684,-57.389701843,
,,,791.607482910,-66.989700317,
,,,792.840515137,-57.789699554,
,,,794.073547363,-58.589702606,
,,,795.306579590,-49.38970184,
,,,796.539611816,-36.58969879,
,,,797.772644043,-13.3896999,
,,,799.005676270,-8.589699745,
,,,800.238708496,-8.589699745,
,,,801.471740723,-9.389699936,
,,,802.704772949,-18.1897011,
,,,803.937805176,-42.18970108,
,,,805.170837402,-53.38970184,
,,,806.403869629,-56.189701080,
,,,807.636901855,-66.989700317,
,,,808.869934082,-64.589698792,
,,,810.102966309,-64.589698792,
,,,811.335998535,-66.989700317,
,,,812.569030762,-64.589698792,
,,,813.802062988,-64.589698792,
,,,815.035095215,-60.589702606,
,,,816.268127441,-64.589698792,
,,,817.501159668,-66.989700317,
,,,818.734191895,-66.989700317,
,,,819.967224121,-64.589698792,
,,,821.200256348,-66.989700317,
,,,822.433288574,-66.989700317,
,,,823.666320801,-66.989700317,
,,,824.899353027,-64.589698792,
,,,826.132385254,-64.589698792,
,,,827.365417480,-58.589702606,
,,,828.598449707,-60.589702606,
,,,829.831481934,-60.589702606,
,,,831.064514160,-60.589702606,
,,,832.297546387,-61.389701843,
,,,833.530578613,-57.389701843,
,,,834.763610840,-64.589698792,
,,,835.996643066,-61.389701843,
,,,837.229675293,-66.989700317,
,,,838.462707520,-66.989700317,
,,,839.695739746,-66.989700317,
,,,840.928771973,-66.989700317,
,,,842.161804199,-66.989700317,
,,,843.394836426,-64.589698792,
,,,844.627868652,-66.989700317,
,,,845.860900879,-66.989700317,
,,,847.093933105,-66.989700317,
,,,848.326965332,-66.989700317,
,,,849.559997559,-66.989700317,
,,,850.793029785,-66.989700317,
,,,852.026062012,-66.989700317,
,,,853.259155273,-64.589698792,
,,,854.492187500,-60.589702606,
,,,855.725219727,-60.589702606,
,,,856.958251953,-61.389701843,
,,,858.191284180,-61.389701843,
,,,859.424316406,-64.589698792,
,,,860.657348633,-64.589698792,
,,,861.890380859,-66.989700317,
,,,863.123413086,-66.989700317,
,,,864.356445313,-66.989700317,
,,,865.589477539,-66.989700317,
,,,866.822509766,-66.989700317,
,,,868.055541992,-66.989700317,
,,,869.288574219,-66.989700317,
,,,870.521606445,-66.989700317,
,,,871.754638672,-64.589698792,
,,,872.987670898,-66.989700317,
,,,874.220703125,-64.589698792,
,,,875.453735352,-66.989700317,
,,,876.686767578,-61.389701843,
,,,877.919799805,-64.589698792,
,,,879.152832031,-66.989700317,
,,,880.385864258,-66.989700317,
,,,881.618896484,-66.989700317,
,,,882.851928711,-66.989700317,
,,,884.084960938,-61.389701843,
,,,885.317993164,-66.989700317,
,,,886.551025391,-66.989700317,
,,,887.784057617,-66.989700317,
,,,889.017089844,-61.389701843,
,,,890.250122070,-66.989700317,
,,,891.483154297,-66.989700317,
,,,892.716186523,-66.989700317,
,,,893.949218750,-64.589698792,
,,,895.182250977,-57.389701843,
,,,896.415283203,-61.389701843,
,,,897.648315430,-61.389701843,
,,,898.881347656,-66.989700317,
,,,900.114379883,-66.989700317,
,,,901.347412109,-61.389701843,
,,,902.580444336,-64.589698792,
,,,903.813476563,-64.589698792,
,,,905.046508789,-66.989700317,
,,,906.279541016,-66.989700317,
,,,907.512573242,-60.589702606,
,,,908.745605469,-64.589698792,
,,,909.978637695,-61.389701843,
,,,911.211669922,-60.589702606,
,,,912.444702148,-60.589702606,
,,,913.677734375,-61.389701843,
,,,914.910766602,-66.989700317,
,,,916.143859863,-66.989700317,
,,,917.376892090,-60.589702606,
,,,918.609924316,-61.389701843,
,,,919.842956543,-61.389701843,
,,,921.075988770,-61.389701843,
,,,922.309020996,-66.989700317,
,,,923.542053223,-58.589702606,
,,,924.775085449,-54.989700317,
,,,926.008117676,-54.58970261,
,,,927.241149902,-61.389701843,
,,,928.474182129,-66.989700317,
,,,929.707214355,-66.989700317,
,,,930.940246582,-66.989700317,
,,,932.173278809,-66.989700317,
,,,933.406311035,-66.989700317,
,,,934.639343262,-66.989700317,
,,,935.872375488,-66.989700317,
,,,937.105407715,-64.589698792,
,,,938.338439941,-66.989700317,
,,,939.571472168,-60.589702606,
,,,940.804504395,-60.589702606,
,,,942.037536621,-66.989700317,
,,,943.270568848,-66.989700317,
,,,944.503601074,-66.989700317,
,,,945.736633301,-61.389701843,
,,,946.969665527,-60.589702606,
,,,948.202697754,-61.389701843,
,,,949.435729980,-66.989700317,
,,,950.668762207,-66.989700317,
,,,951.901794434,-66.989700317,
,,,953.134826660,-66.989700317,
,,,954.367858887,-66.989700317,
,,,955.600891113,-60.589702606,
,,,956.833923340,-57.389701843,
,,,958.066955566,-57.789699554,
,,,959.299987793,-61.389701843,
,,,960.533020020,-64.589698792,
,,,961.766052246,-66.989700317,
,,,962.999084473,-61.389701843,
,,,964.232116699,-61.389701843,
,,,965.465148926,-66.989700317,
,,,966.698181152,-66.989700317,
,,,967.931213379,-66.989700317,
,,,969.164245605,-66.989700317,
,,,970.397277832,-66.989700317,
,,,971.630310059,-60.589702606,
,,,972.863342285,-66.989700317,
,,,974.096374512,-66.989700317,
,,,975.329406738,-64.589698792,
,,,976.562438965,-60.589702606,
,,,977.795471191,-66.989700317,
,,,979.028564453,-66.989700317,
,,,980.261596680,-66.989700317,
,,,981.494628906,-61.389701843,
,,,982.727661133,-66.989700317,
,,,983.960693359,-66.989700317,
,,,985.193725586,-66.989700317,
,,,986.426757813,-64.589698792,
,,,987.659790039,-64.589698792,
,,,988.892822266,-58.589702606,
,,,990.125854492,-64.589698792,
,,,991.358886719,-66.989700317,
,,,992.591918945,-66.989700317,
,,,993.824951172,-66.989700317,
,,,995.057983398,-66.989700317,
,,,996.291015625,-64.589698792,
,,,997.524047852,-66.989700317,
,,,998.757080078,-60.589702606,
,,,999.990112305,-60.589702606,
,,,1.0012232E3,-66.989700317,
,,,1.0024562E3,-64.589698792,
,,,1.0036893E3,-64.589698792,
,,,1.0049223E3,-66.989700317,
,,,1.0061553E3,-66.989700317,
,,,1.0073884E3,-66.989700317,
,,,1.0086214E3,-66.989700317,
,,,1.0098544E3,-66.989700317,
,,,1.0110875E3,-66.989700317,
,,,1.0123205E3,-60.589702606,
,,,1.0135535E3,-60.589702606,
,,,1.0147865E3,-61.389701843,
,,,1.0160196E3,-66.989700317,
,,,1.0172526E3,-64.589698792,
,,,1.0184856E3,-64.589698792,
,,,1.0197187E3,-66.989700317,
,,,1.0209517E3,-66.989700317,
,,,1.0221847E3,-66.989700317,
,,,1.0234178E3,-66.989700317,
,,,1.0246508E3,-60.589702606,
,,,1.0258838E3,-66.989700317,
,,,1.0271169E3,-66.989700317,
,,,1.0283499E3,-66.989700317,
,,,1.0295829E3,-66.989700317,
,,,1.0308160E3,-66.989700317,
,,,1.0320490E3,-64.589698792,
,,,1.0332820E3,-60.589702606,
,,,1.0345151E3,-60.589702606,
,,,1.0357481E3,-61.389701843,
,,,1.0369811E3,-64.589698792,
,,,1.0382142E3,-66.989700317,
,,,1.0394472E3,-66.989700317,
,,,1.0406802E3,-66.989700317,
,,,1.0419133E3,-64.589698792,
,,,1.0431463E3,-60.589702606,
,,,1.0443793E3,-66.989700317,
,,,1.0456124E3,-61.389701843,
,,,1.0468454E3,-64.589698792,
,,,1.0480784E3,-64.589698792,
,,,1.0493115E3,-66.989700317,
,,,1.0505445E3,-64.589698792,
,,,1.0517775E3,-60.589702606,
,,,1.0530105E3,-57.389701843,
,,,1.0542436E3,-54.989700317,
,,,1.0554766E3,-57.389701843,
,,,1.0567096E3,-60.589702606,
,,,1.0579427E3,-64.589698792,
,,,1.0591757E3,-66.989700317,
,,,1.0604087E3,-66.989700317,
,,,1.0616418E3,-64.589698792,
,,,1.0628748E3,-66.989700317,
,,,1.0641078E3,-64.589698792,
,,,1.0653409E3,-64.589698792,
,,,1.0665739E3,-61.389701843,
,,,1.0678069E3,-61.389701843,
,,,1.0690400E3,-64.589698792,
,,,1.0702730E3,-66.989700317,
,,,1.0715060E3,-61.389701843,
,,,1.0727391E3,-64.589698792,
,,,1.0739722E3,-66.989700317,
,,,1.0752053E3,-61.389701843,
,,,1.0764383E3,-60.589702606,
,,,1.0776713E3,-60.589702606,
,,,1.0789043E3,-60.589702606,
,,,1.0801374E3,-61.389701843,
,,,1.0813704E3,-60.589702606,
,,,1.0826034E3,-60.589702606,
,,,1.0838365E3,-57.789699554,
,,,1.0850695E3,-60.589702606,
,,,1.0863025E3,-60.589702606,
,,,1.0875356E3,-61.389701843,
,,,1.0887686E3,-64.589698792,
,,,1.0900016E3,-60.589702606,
,,,1.0912347E3,-61.389701843,
,,,1.0924677E3,-66.989700317,
,,,1.0937007E3,-66.989700317,
,,,1.0949338E3,-66.989700317,
,,,1.0961668E3,-66.989700317,
,,,1.0973998E3,-66.989700317,
,,,1.0986329E3,-66.989700317,
,,,1.0998659E3,-66.989700317,
,,,1.1010989E3,-66.989700317,
,,,1.1023320E3,-66.989700317,
,,,1.1035650E3,-66.989700317,
,,,1.1047980E3,-61.389701843,
,,,1.1060311E3,-64.589698792,
,,,1.1072641E3,-64.589698792,
,,,1.1084971E3,-66.989700317,
,,,1.1097302E3,-64.589698792,
,,,1.1109632E3,-66.989700317,
,,,1.1121962E3,-64.589698792,
,,,1.1134293E3,-66.989700317,
,,,1.1146623E3,-66.989700317,
,,,1.1158953E3,-66.989700317,
,,,1.1171283E3,-66.989700317,
,,,1.1183614E3,-64.589698792,
,,,1.1195944E3,-64.589698792,
,,,1.1208274E3,-66.989700317,
,,,1.1220605E3,-66.989700317,
,,,1.1232935E3,-64.589698792,
,,,1.1245265E3,-66.989700317,
,,,1.1257596E3,-66.989700317,
,,,1.1269926E3,-66.989700317,
,,,1.1282256E3,-66.989700317,
,,,1.1294587E3,-66.989700317,
,,,1.1306917E3,-61.389701843,
,,,1.1319247E3,-66.989700317,
,,,1.1331578E3,-60.589702606,
,,,1.1343908E3,-64.589698792,
,,,1.1356238E3,-66.989700317,
,,,1.1368569E3,-66.989700317,
,,,1.1380899E3,-66.989700317,
,,,1.1393229E3,-66.989700317,
,,,1.1405560E3,-64.589698792,
,,,1.1417890E3,-66.989700317,
,,,1.1430220E3,-61.389701843,
,,,1.1442551E3,-64.589698792,
,,,1.1454881E3,-66.989700317,
,,,1.1467211E3,-66.989700317,
,,,1.1479542E3,-66.989700317,
,,,1.1491872E3,-64.589698792,
,,,1.1504202E3,-64.589698792,
,,,1.1516533E3,-66.989700317,
,,,1.1528863E3,-66.989700317,
,,,1.1541193E3,-64.589698792,
,,,1.1553523E3,-66.989700317,
,,,1.1565854E3,-66.989700317,
,,,1.1578184E3,-66.989700317,
,,,1.1590514E3,-66.989700317,
,,,1.1602845E3,-66.989700317,
,,,1.1615175E3,-64.589698792,
,,,1.1627505E3,-64.589698792,
,,,1.1639836E3,-66.989700317,
,,,1.1652166E3,-60.589702606,
,,,1.1664496E3,-64.589698792,
,,,1.1676827E3,-60.589702606,
,,,1.1689157E3,-66.989700317,
,,,1.1701487E3,-66.989700317,
,,,1.1713818E3,-66.989700317,
,,,1.1726148E3,-64.589698792,
,,,1.1738478E3,-64.589698792,
,,,1.1750809E3,-64.589698792,
,,,1.1763139E3,-64.589698792,
,,,1.1775469E3,-66.989700317,
,,,1.1787800E3,-66.989700317,
,,,1.1800130E3,-66.989700317,
,,,1.1812460E3,-66.989700317,
,,,1.1824791E3,-66.989700317,
,,,1.1837121E3,-64.589698792,
,,,1.1849451E3,-60.589702606,
,,,1.1861782E3,-66.989700317,
,,,1.1874112E3,-61.389701843,
,,,1.1886442E3,-61.389701843,
,,,1.1898773E3,-64.589698792,
,,,1.1911103E3,-64.589698792,
,,,1.1923433E3,-66.989700317,
,,,1.1935764E3,-66.989700317,
,,,1.1948094E3,-61.389701843,
,,,1.1960424E3,-66.989700317,
,,,1.1972754E3,-66.989700317,
,,,1.1985085E3,-66.989700317,
,,,1.1997416E3,-64.589698792,
,,,1.2009747E3,-61.389701843,
,,,1.2022077E3,-66.989700317,
,,,1.2034407E3,-61.389701843,
,,,1.2046738E3,-60.589702606,
,,,1.2059068E3,-60.589702606,
,,,1.2071398E3,-66.989700317,
,,,1.2083729E3,-66.989700317,
,,,1.2096059E3,-66.989700317,
,,,1.2108389E3,-66.989700317,
,,,1.2120720E3,-66.989700317,
,,,1.2133050E3,-66.989700317,
,,,1.2145380E3,-66.989700317,
,,,1.2157711E3,-66.989700317,
,,,1.2170041E3,-66.989700317,
,,,1.2182371E3,-66.989700317,
,,,1.2194702E3,-64.589698792,
,,,1.2207032E3,-66.989700317,
,,,1.2219362E3,-66.989700317,
,,,1.2231692E3,-66.989700317,
,,,1.2244023E3,-66.989700317,
,,,1.2256353E3,-66.989700317,
,,,1.2268683E3,-66.989700317,
,,,1.2281014E3,-66.989700317,
,,,1.2293344E3,-66.989700317,
,,,1.2305674E3,-60.589702606,
,,,1.2318005E3,-64.589698792,
,,,1.2330335E3,-66.989700317,
,,,1.2342665E3,-66.989700317,
,,,1.2354996E3,-66.989700317,
,,,1.2367326E3,-66.989700317,
,,,1.2379656E3,-66.989700317,
,,,1.2391987E3,-66.989700317,
,,,1.2404317E3,-66.989700317,
,,,1.2416647E3,-66.989700317,
,,,1.2428978E3,-66.989700317,
,,,1.2441308E3,-66.989700317,
,,,1.2453638E3,-66.989700317,
,,,1.2465969E3,-66.989700317,
,,,1.2478299E3,-64.589698792,
,,,1.2490629E3,-60.589702606,
,,,1.2502960E3,-61.389701843,
,,,1.2515290E3,-66.989700317,
,,,1.2527620E3,-66.989700317,
,,,1.2539951E3,-66.989700317,
,,,1.2552281E3,-61.389701843,
,,,1.2564611E3,-64.589698792,
,,,1.2576942E3,-66.989700317,
,,,1.2589272E3,-66.989700317,
,,,1.2601602E3,-66.989700317,
,,,1.2613932E3,-66.989700317,
